Rk,Name,Age,Tm,IP,PAu,G,PA,AB,R,H,2B,3B,HR,SB,CS,BB,SO,BA,OBP,SLG,OPS,BAbip,TB,GDP,HBP,SH,SF,IBB,ROE
1,David Aardsma,33,ATL,30.2,,33,129,112,17,25,7,0,6,4,1,14,35,.223,.313,.446,.759,.264,50,4,1,0,1,3,1
2,Fernando Abad*,29,OAK,47.2,,62,205,179,23,45,6,2,11,0,3,19,45,.251,.322,.492,.813,.270,88,1,1,3,3,3,1
3,A.J. Achter,26,MIN,13.1,,11,58,52,10,12,1,0,4,4,0,6,14,.231,.310,.481,.791,.235,25,1,0,0,0,1,1
4,Austin Adams,28,CLE,33.1,,28,149,134,15,37,10,2,2,1,0,13,23,.276,.340,.425,.766,.321,57,3,0,2,0,0,2
5,Nathan Adcock,27,CIN,18.0,,13,83,68,12,15,5,1,3,5,1,12,13,.221,.341,.456,.797,.226,31,0,1,1,1,0,1
6,Jeremy Affeldt*,36,SFG,35.1,,52,163,147,24,43,6,0,6,4,0,14,21,.293,.362,.456,.818,.308,67,4,2,0,0,2,2
7,Andrew Albers*,29,TOR,2.2,,1,11,9,1,1,0,0,1,0,0,2,1,.111,.273,.444,.717,.000,4,0,0,0,0,0,0
8,Matt Albers,32,CHW,37.1,,30,149,136,6,31,4,0,3,4,0,9,28,.228,.275,.324,.599,.259,44,4,1,0,3,2,2
9,Al Alburquerque,29,DET,62.0,,67,271,234,29,63,10,1,4,8,1,33,58,.269,.359,.372,.731,.339,87,5,1,1,2,3,1
10,Scott Alexander*,25,KCR,6.0,,4,25,21,3,5,0,0,0,0,0,3,3,.238,.360,.238,.598,.278,5,2,1,0,0,0,0
11,Cody Allen,26,CLE,69.1,,70,286,256,26,56,16,0,2,4,1,25,99,.219,.291,.305,.596,.344,78,5,2,1,2,2,1
12,Miguel Almonte,22,KCR,8.2,,9,41,33,6,7,0,0,4,1,0,7,10,.212,.366,.576,.942,.158,19,0,1,0,0,0,0
13,Dario Alvarez*,26,NYM,3.2,,6,19,15,5,5,0,0,2,0,0,1,2,.333,.444,.733,1.178,.273,11,0,2,1,0,0,0
14,Henderson Alvarez,25,MIA,22.1,,4,102,90,18,28,6,0,1,2,0,7,9,.311,.357,.411,.768,.333,37,1,0,4,1,1,0
15,Jose Alvarez*,26,LAA,67.0,,64,283,254,29,58,11,1,5,0,0,23,59,.228,.304,.339,.642,.277,86,7,5,0,1,4,5
16,R.J. Alvarez,24,OAK,20.0,,21,100,85,23,27,6,0,7,0,0,13,23,.318,.400,.635,1.035,.351,54,0,0,0,2,1,1
17,Alexi Amarista,26,SDP,0.1,,1,1,1,0,0,0,0,0,0,0,0,0,.000,.000,.000,.000,.000,0,0,0,0,0,0,0
18,Brett Anderson*,27,LAD,180.1,,31,750,697,82,194,26,3,18,10,10,46,116,.278,.324,.402,.726,.312,280,23,2,3,2,2,7
19,Chase Anderson,27,ARI,152.2,,27,640,581,75,158,33,3,18,5,3,40,111,.272,.322,.432,.754,.304,251,15,7,3,9,2,3
20,Cody Anderson,24,CLE,91.1,,15,365,334,32,77,14,2,9,1,2,24,44,.231,.282,.365,.647,.239,122,8,1,3,3,1,1
21,Matt Andriese,25,TBR,65.2,,25,282,258,32,69,9,2,8,2,2,18,49,.267,.317,.411,.728,.299,106,2,2,1,3,1,1
22,Elvis Araujo*,23,PHI,34.2,,40,151,129,17,29,4,1,1,3,0,19,34,.225,.324,.295,.619,.298,38,5,0,2,0,1,3
23,Chris Archer,26,TBR,212.0,,34,868,795,85,175,31,0,19,7,8,66,252,.220,.282,.331,.613,.297,263,10,3,2,2,0,7
24,Shawn Armstrong,24,CLE,8.0,,8,30,28,2,5,2,0,1,0,0,2,11,.179,.233,.357,.590,.250,10,1,0,0,0,0,0
25,Jonathan Aro,24,BOS,10.1,,6,49,44,8,15,6,0,2,0,0,4,8,.341,.388,.614,1.001,.371,27,0,0,0,1,0,0
Rk,Name,Age,Tm,IP,PAu,G,PA,AB,R,H,2B,3B,HR,SB,CS,BB,SO,BA,OBP,SLG,OPS,BAbip,TB,GDP,HBP,SH,SF,IBB,ROE
26,Jake Arrieta,29,CHC,229.0,,33,870,811,52,150,32,4,10,27,6,48,236,.185,.236,.271,.507,.247,220,15,6,4,1,2,8
27,Alec Asher,23,PHI,29.0,,7,138,124,30,42,10,1,8,1,1,10,16,.339,.390,.629,1.019,.337,78,0,1,2,1,0,2
28,Scott Atchison,39,CLE,19.2,,23,87,80,15,23,5,0,6,0,0,4,12,.288,.322,.575,.897,.266,46,0,1,0,2,0,0
29,Phillippe Aumont,26,PHI,4.0,,1,23,16,6,5,2,0,2,0,0,7,3,.313,.522,.813,1.334,.273,13,1,0,0,0,0,0
30,Luis Avilan*,25,TOT,53.1,,73,220,201,24,48,7,1,6,4,1,15,49,.239,.292,.373,.665,.284,75,8,1,1,2,2,5
31,Luis Avilan*,25,ATL,37.2,,50,154,143,15,35,5,1,4,3,1,10,31,.245,.292,.378,.670,.284,54,7,0,0,1,2,4
32,Luis Avilan*,25,LAD,15.2,,23,66,58,9,13,2,0,2,1,0,5,18,.224,.292,.362,.654,.282,21,1,1,1,1,0,1
33,Dylan Axelrod,29,CIN,12.1,,6,59,50,13,11,1,0,5,1,0,8,12,.220,.328,.540,.868,.182,27,0,0,1,0,2,1
34,John Axford,32,COL,55.2,,60,250,216,27,56,8,0,4,8,2,32,62,.259,.352,.352,.704,.342,76,3,0,0,2,4,2
35,Burke Badenhop,32,CIN,66.1,,68,285,260,30,71,13,2,4,5,2,20,36,.273,.322,.385,.706,.300,100,6,0,2,3,4,3
36,Pedro Baez,27,LAD,51.0,,52,208,190,22,47,16,1,4,1,1,11,60,.247,.288,.405,.693,.333,77,2,1,3,3,1,2
37,Andrew Bailey,31,NYY,8.2,,10,41,34,8,9,1,0,2,1,0,5,6,.265,.341,.471,.812,.250,16,0,0,0,2,1,1
38,Homer Bailey,29,CIN,11.1,,2,51,47,7,16,4,0,3,1,0,4,3,.340,.392,.617,1.009,.317,29,3,0,0,0,2,0
39,Scott Baker,33,LAD,11.0,,2,45,42,7,11,4,0,4,1,0,3,8,.262,.311,.643,.954,.233,27,0,0,0,0,0,0
40,Collin Balester,29,CIN,15.2,,15,77,62,13,17,4,1,3,0,0,13,13,.274,.403,.516,.919,.298,32,1,1,0,1,0,0
41,Grant Balfour,37,TBR,4.1,,6,21,15,3,3,1,0,1,0,0,4,0,.200,.381,.467,.848,.133,7,0,1,0,1,0,0
42,Manny Banuelos*,24,ATL,26.1,,7,121,106,17,30,6,0,4,5,2,12,19,.283,.372,.453,.825,.313,48,2,3,0,0,0,1
43,Matt Barnes,25,BOS,43.0,,32,199,180,28,56,10,0,9,7,1,15,39,.311,.371,.517,.887,.356,93,4,2,2,0,0,2
44,Kyle Barraclough,25,MIA,24.1,,25,98,78,8,12,5,0,1,3,2,18,30,.154,.306,.256,.563,.224,20,1,0,0,2,2,0
45,Aaron Barrett,27,WSN,29.1,,40,123,113,15,28,4,1,1,4,1,7,35,.248,.309,.327,.636,.351,37,4,3,0,0,0,1
46,Yhonathan Barrios,23,MIL,6.2,,5,22,22,0,3,1,0,0,0,0,0,7,.136,.136,.182,.318,.200,4,0,0,0,0,0,0
47,Anthony Bass,27,TEX,64.0,,33,272,245,33,66,17,4,5,2,1,20,45,.269,.323,.433,.756,.308,106,7,1,3,3,1,4
48,Chris Bassitt,26,OAK,86.0,,18,361,320,36,78,18,2,5,7,4,30,64,.244,.325,.359,.684,.290,115,12,9,1,1,0,5
49,Antonio Bastardo*,29,PIT,57.1,,66,239,208,19,39,6,1,4,8,0,26,64,.188,.287,.284,.571,.250,59,0,3,2,0,2,1
50,Trevor Bauer,24,CLE,176.0,,31,744,655,90,152,29,4,23,11,6,79,170,.232,.319,.394,.713,.279,258,14,5,4,1,1,2
Rk,Name,Age,Tm,IP,PAu,G,PA,AB,R,H,2B,3B,HR,SB,CS,BB,SO,BA,OBP,SLG,OPS,BAbip,TB,GDP,HBP,SH,SF,IBB,ROE
51,Brandon Beachy,28,LAD,8.0,,2,39,32,7,10,4,0,1,1,0,6,5,.313,.421,.531,.952,.346,17,1,0,1,0,2,0
52,Chris Beck,24,CHW,6.0,,1,31,26,5,10,3,1,0,1,0,4,3,.385,.467,.577,1.044,.435,15,1,0,1,0,0,0
53,Cam Bedrosian,23,LAA,33.1,,34,156,132,21,40,7,1,3,3,2,19,34,.303,.394,.439,.833,.381,58,2,2,1,2,2,1
54,Dallas Beeler,26,CHC,8.1,,3,46,39,11,14,4,0,0,0,0,7,7,.359,.457,.462,.918,.438,18,1,0,0,0,2,1
55,Joe Beimel*,38,SEA,47.1,,53,196,173,25,49,6,0,8,0,4,16,22,.283,.342,.457,.799,.281,79,6,1,3,3,3,3
56,Ronald Belisario,32,TBR,8.0,,6,36,32,7,8,3,0,0,0,0,4,6,.250,.333,.344,.677,.308,11,0,0,0,0,1,0
57,Matt Belisle,35,STL,33.2,,34,149,128,10,34,4,1,1,1,1,15,25,.266,.354,.336,.690,.320,43,3,3,2,1,2,1
58,Jeff Beliveau*,28,TBR,2.2,,5,15,14,4,6,2,0,1,1,0,1,2,.429,.467,.786,1.252,.455,11,0,0,0,0,0,0
59,Andrew Bellatti,23,TBR,23.1,,17,95,81,7,16,2,1,4,2,1,10,18,.198,.290,.395,.685,.200,32,2,1,2,1,0,2
60,Joaquin Benoit,37,SDP,65.1,,67,254,226,17,36,8,2,7,5,3,23,63,.159,.242,.305,.547,.185,69,1,2,2,1,1,1
61,Christian Bergman,27,COL,68.1,,30,286,268,36,82,18,3,8,2,2,15,37,.306,.342,.485,.827,.330,130,12,0,2,1,1,2
62,Dellin Betances,27,NYY,84.0,,74,332,287,17,45,7,0,6,17,4,40,131,.157,.266,.244,.510,.258,70,4,3,1,1,2,0
63,Rafael Betancourt,40,COL,39.1,,45,175,161,29,43,11,2,4,5,0,12,40,.267,.314,.435,.749,.328,70,0,0,0,2,4,2
64,Chad Bettis,26,COL,115.0,,20,502,448,56,120,37,3,11,3,1,42,98,.268,.333,.438,.771,.320,196,9,3,7,2,2,4
65,Chad Billingsley,30,PHI,37.0,,7,165,153,26,53,8,0,5,0,1,8,15,.346,.380,.497,.877,.358,76,7,1,2,1,0,3
66,Joe Blanton,34,TOT,76.0,,36,309,288,26,69,18,2,7,5,2,16,79,.240,.279,.389,.668,.302,112,4,1,1,3,5,4
67,Joe Blanton,34,KCR,41.2,,15,172,162,19,43,10,2,6,1,1,7,40,.265,.292,.463,.755,.314,75,2,0,1,2,1,1
68,Joe Blanton,34,PIT,34.1,,21,137,126,7,26,8,0,1,4,1,9,39,.206,.263,.294,.556,.287,37,2,1,0,1,4,3
69,Michael Blazek,26,MIL,55.2,,45,222,200,17,40,9,0,3,2,4,18,47,.200,.267,.290,.557,.243,58,2,1,1,2,1,3
70,Jerry Blevins*,31,NYM,5.0,,7,15,15,0,0,0,0,0,2,0,0,4,.000,.000,.000,.000,.000,0,1,0,0,0,0,0
71,Brett Bochy,27,SFG,3.0,,4,12,10,0,1,0,0,0,0,0,1,3,.100,.250,.100,.350,.143,1,0,1,0,0,0,0
72,Mike Bolsinger,27,LAD,109.1,,21,466,415,49,104,19,1,11,9,6,45,98,.251,.324,.381,.705,.302,158,13,1,3,2,3,6
73,Brad Boxberger,27,TBR,63.0,,69,271,234,29,54,7,0,9,6,3,32,74,.231,.327,.376,.703,.296,88,4,2,2,1,5,2
74,Matt Boyd*,24,TOT,57.1,,13,252,227,50,71,9,4,17,1,5,20,43,.313,.367,.612,.979,.318,139,8,1,1,3,0,2
75,Matt Boyd*,24,TOR,6.2,,2,36,34,11,15,0,0,5,0,0,1,7,.441,.444,.882,1.327,.435,30,0,0,0,1,0,0
Rk,Name,Age,Tm,IP,PAu,G,PA,AB,R,H,2B,3B,HR,SB,CS,BB,SO,BA,OBP,SLG,OPS,BAbip,TB,GDP,HBP,SH,SF,IBB,ROE
76,Matt Boyd*,24,DET,50.2,,11,216,193,39,56,9,4,12,1,5,19,36,.290,.353,.565,.918,.299,109,8,1,1,2,0,2
77,Blaine Boyer,33,MIN,65.0,,68,268,244,24,62,13,2,5,8,4,19,33,.254,.306,.385,.691,.274,94,5,0,3,2,4,4
78,Brad Brach,29,BAL,79.1,,62,324,281,25,57,15,0,7,6,2,38,89,.203,.296,.331,.627,.267,93,6,0,3,2,3,3
79,Silvino Bracho,22,ARI,12.1,,13,50,45,2,9,3,0,2,0,1,4,17,.200,.280,.400,.680,.269,18,0,1,0,0,1,0
80,Archie Bradley,22,ARI,35.2,,8,161,135,23,36,6,1,3,4,1,22,23,.267,.375,.393,.768,.300,53,6,2,1,1,1,1
81,Craig Breslow*,34,BOS,65.0,,45,280,247,33,69,13,1,12,1,2,23,46,.279,.339,.486,.825,.294,120,7,2,3,5,5,2
82,Jake Brigham,27,ATL,16.2,,12,84,73,16,28,9,0,1,4,0,8,12,.384,.440,.548,.988,.435,40,4,1,0,2,1,1
83,Zach Britton*,27,BAL,65.2,,64,253,238,16,51,6,1,3,0,3,14,79,.214,.261,.286,.547,.308,68,8,1,0,0,1,1
84,Mike Broadway,28,SFG,17.1,,21,77,68,10,20,3,3,1,0,3,7,13,.294,.368,.471,.839,.352,32,1,1,1,0,1,1
85,Aaron Brooks,25,TOT,55.1,,13,250,227,41,73,14,2,9,2,1,14,38,.322,.368,.520,.888,.352,118,7,4,3,2,0,2
86,Aaron Brooks,25,KCR,4.1,,2,18,18,3,6,2,2,0,0,0,0,3,.333,.333,.667,1.000,.400,12,1,0,0,0,0,0
87,Aaron Brooks,25,OAK,51.0,,11,232,209,38,67,12,0,9,2,1,14,35,.321,.371,.507,.878,.347,106,6,4,3,2,0,2
88,Rex Brothers*,27,COL,10.1,,17,46,37,2,9,1,2,0,0,0,8,5,.243,.370,.378,.748,.273,14,2,0,0,1,0,0
89,Brooks Brown,30,COL,33.0,,36,147,126,18,32,7,1,2,6,0,16,20,.254,.343,.373,.716,.288,47,3,1,4,0,0,0
90,Jonathan Broxton,31,TOT,60.1,,66,257,229,32,61,8,5,7,2,1,22,63,.266,.329,.437,.766,.338,100,7,0,5,1,1,1
91,Jonathan Broxton,31,MIL,36.2,,40,156,143,24,41,5,3,5,1,0,10,37,.287,.331,.469,.800,.353,67,5,0,2,1,1,0
92,Jonathan Broxton,31,STL,23.2,,26,101,86,8,20,3,2,2,1,1,12,26,.233,.327,.384,.710,.310,33,2,0,3,0,0,1
93,David Buchanan,26,PHI,74.2,,15,351,315,60,109,25,3,12,1,1,29,44,.346,.406,.559,.965,.375,176,13,3,4,0,1,2
94,Jake Buchanan,25,HOU,9.0,,5,37,31,2,5,4,0,1,1,0,4,5,.161,.278,.387,.665,.160,12,0,1,1,0,0,0
95,Clay Buchholz,30,BOS,113.1,,18,469,438,48,114,26,0,6,2,4,23,107,.260,.303,.361,.664,.330,158,13,5,1,2,0,5
96,Mark Buehrle*,36,TOR,198.2,,32,827,768,100,214,46,6,22,0,2,33,91,.279,.311,.440,.751,.289,338,28,7,10,9,4,13
97,Madison Bumgarner*,25,SFG,218.1,,32,869,814,73,181,30,5,21,5,4,39,234,.222,.263,.349,.612,.284,284,11,7,5,4,2,6
98,Danny Burawa,26,TOT,13.0,,13,54,46,9,11,1,0,2,1,0,5,11,.239,.315,.391,.706,.257,18,3,1,0,2,0,1
99,Danny Burawa,26,NYY,0.2,,1,6,5,4,3,0,0,1,0,0,1,1,.600,.667,1.200,1.867,.667,6,0,0,0,0,0,0
100,Danny Burawa,26,ATL,12.1,,12,48,41,5,8,1,0,1,1,0,4,10,.195,.271,.293,.564,.219,12,3,1,0,2,0,1
Rk,Name,Age,Tm,IP,PAu,G,PA,AB,R,H,2B,3B,HR,SB,CS,BB,SO,BA,OBP,SLG,OPS,BAbip,TB,GDP,HBP,SH,SF,IBB,ROE
101,Enrique Burgos,24,ARI,27.0,,30,121,105,15,27,5,0,2,1,2,15,39,.257,.347,.362,.709,.385,38,1,0,0,1,0,2
102,A.J. Burnett,38,PIT,164.0,,26,699,633,64,174,24,5,11,33,9,49,143,.275,.336,.381,.716,.337,241,18,11,2,4,2,9
103,Eddie Butler,24,COL,79.1,,16,370,317,57,102,30,1,13,6,4,42,44,.322,.407,.546,.952,.341,173,13,4,6,1,4,5
104,Cesar Cabral*,26,BAL,1.0,,2,3,2,0,0,0,0,0,0,0,1,1,.000,.333,.000,.333,.000,0,1,0,0,0,0,0
105,Trevor Cahill,27,TOT,43.1,,26,187,165,27,44,6,1,4,5,2,16,36,.267,.337,.388,.725,.317,64,5,2,3,1,1,2
106,Trevor Cahill,27,ATL,26.1,,15,124,109,23,36,5,1,2,5,1,11,14,.330,.393,.450,.843,.362,49,4,1,2,1,1,2
107,Trevor Cahill,27,CHC,17.0,,11,63,56,4,8,1,0,2,0,1,5,22,.143,.226,.268,.494,.188,15,1,1,1,0,0,0
108,Matt Cain,30,SFG,60.2,,13,271,242,39,71,17,4,12,7,1,20,41,.293,.352,.545,.897,.306,132,6,4,1,4,0,3
109,Arquimedes Caminero,28,PIT,74.2,,73,318,281,31,63,13,1,7,9,0,29,73,.224,.309,.352,.661,.277,99,5,6,1,1,2,2
110,Leonel Campos,27,SDP,1.0,,1,5,4,1,1,1,0,0,0,0,1,1,.250,.400,.500,.900,.333,2,0,0,0,0,0,0
111,Carter Capps,24,MIA,31.0,,30,118,107,5,18,2,0,2,5,0,7,58,.168,.231,.243,.474,.333,26,2,2,1,1,0,1
112,Chris Capuano*,36,NYY,40.2,,22,196,168,38,52,13,0,6,1,1,22,38,.310,.397,.494,.891,.368,83,2,3,2,1,1,2
113,Buddy Carlyle,37,NYM,8.0,,11,32,29,5,8,3,0,0,0,0,1,6,.276,.281,.379,.661,.320,11,1,0,0,2,0,0
114,David Carpenter,29,TOT,24.2,,30,107,93,12,25,5,1,4,1,1,9,15,.269,.337,.473,.810,.280,44,2,1,3,1,1,0
115,David Carpenter,27,ATL,3.2,,4,17,17,3,6,1,0,2,0,0,0,5,.353,.353,.765,1.118,.400,13,0,0,0,0,0,0
116,David Carpenter,29,NYY,18.2,,22,82,70,11,20,5,1,3,0,1,7,11,.286,.354,.514,.869,.298,36,2,1,3,1,1,0
117,David Carpenter,29,WSN,6.0,,8,25,23,1,5,0,0,1,1,0,2,4,.217,.280,.348,.628,.222,8,0,0,0,0,0,0
118,Carlos Carrasco,28,CLE,183.2,,30,730,675,75,154,31,5,18,13,9,43,216,.228,.277,.369,.646,.304,249,17,5,1,6,2,8
119,Scott Carroll,30,CHW,36.2,,18,162,143,19,40,11,2,2,4,1,13,27,.280,.348,.427,.774,.328,61,3,3,1,2,2,2
120,Andrew Cashner,28,SDP,184.2,,31,804,718,111,200,40,6,19,14,11,66,165,.279,.342,.430,.772,.335,309,17,6,8,6,2,13
121,Santiago Casilla,34,SFG,58.0,,67,244,216,19,51,4,3,6,5,2,23,62,.236,.314,.366,.680,.302,79,5,2,2,1,2,2
122,Angel Castro,32,OAK,4.0,,5,22,18,1,8,0,0,1,0,0,3,4,.444,.524,.611,1.135,.538,11,0,0,1,0,0,0
123,Miguel Castro,20,TOT,17.2,,18,83,71,13,21,5,1,4,1,1,10,18,.296,.373,.563,.937,.333,40,1,0,0,2,2,1
124,Miguel Castro,20,TOR,12.1,,13,57,49,7,15,3,0,2,1,1,6,12,.306,.368,.490,.858,.351,24,1,0,0,2,2,1
125,Miguel Castro,20,COL,5.1,,5,26,22,6,6,2,1,2,0,0,4,6,.273,.385,.727,1.112,.286,16,0,0,0,0,0,0
Rk,Name,Age,Tm,IP,PAu,G,PA,AB,R,H,2B,3B,HR,SB,CS,BB,SO,BA,OBP,SLG,OPS,BAbip,TB,GDP,HBP,SH,SF,IBB,ROE
126,Simon Castro,27,COL,10.1,,11,47,39,7,11,3,0,0,0,0,5,9,.282,.378,.359,.737,.367,14,1,1,2,0,0,0
127,Brett Cecil*,28,TOR,54.1,,63,214,198,17,39,6,2,4,3,1,13,70,.197,.254,.308,.562,.282,61,3,2,1,0,3,2
128,Xavier Cedeno*,28,TOT,46.0,,66,189,173,13,40,3,0,4,2,2,14,47,.231,.296,.318,.614,.295,55,5,2,0,0,2,2
129,Xavier Cedeno*,28,WSN,3.0,,5,15,12,2,3,0,0,1,0,0,2,4,.250,.400,.500,.900,.286,6,0,1,0,0,0,0
130,Xavier Cedeno*,28,TBR,43.0,,61,174,161,11,37,3,0,3,2,2,12,43,.230,.287,.304,.592,.296,49,5,1,0,0,2,2
131,Jhoulys Chacin,27,ARI,26.2,,5,111,100,11,24,4,1,4,0,2,10,21,.240,.309,.420,.729,.267,42,2,0,1,0,0,1
132,Andrew Chafin*,25,ARI,75.0,,66,306,270,23,56,16,0,3,1,0,30,58,.207,.287,.300,.587,.251,81,5,1,3,2,6,4
133,Joba Chamberlain,29,TOT,27.2,,36,128,117,20,38,8,2,6,1,0,9,23,.325,.378,.581,.959,.364,68,2,1,1,0,0,1
134,Joba Chamberlain,29,DET,22.0,,30,101,94,15,32,6,2,5,0,0,5,15,.340,.380,.606,.986,.365,57,2,1,1,0,0,1
135,Joba Chamberlain,29,KCR,5.2,,6,27,23,5,6,2,0,1,1,0,4,8,.261,.370,.478,.849,.357,11,0,0,0,0,0,0
136,Aroldis Chapman*,27,CIN,66.1,,65,278,238,13,43,4,0,3,8,1,33,116,.181,.291,.235,.527,.331,56,0,5,0,2,1,1
137,Kevin Chapman*,27,HOU,5.1,,3,22,19,2,4,1,0,1,0,1,3,8,.211,.318,.421,.739,.300,8,0,0,0,0,0,0
138,Jesse Chavez,31,OAK,157.0,,30,672,612,78,164,31,1,18,6,5,48,136,.268,.320,.410,.730,.315,251,12,2,4,6,2,6
139,Bruce Chen*,38,CLE,6.1,,2,35,34,9,17,3,0,3,0,0,1,4,.500,.514,.853,1.367,.519,29,1,0,0,0,1,0
140,Wei-Yin Chen*,29,BAL,191.1,,31,792,733,78,192,50,4,28,5,2,41,153,.262,.302,.456,.758,.293,334,15,5,5,8,0,4
141,Randy Choate*,39,STL,27.1,,71,117,104,14,29,4,0,2,0,1,5,22,.279,.345,.375,.720,.333,39,4,6,1,1,0,0
142,Tony Cingrani*,25,CIN,33.1,,35,155,124,21,31,11,1,3,2,0,25,39,.250,.383,.427,.811,.333,53,3,3,1,2,3,0
143,Steve Cishek,29,TOT,55.1,,59,243,212,26,55,11,1,4,5,2,27,48,.259,.343,.377,.720,.315,80,7,1,1,2,3,1
144,Steve Cishek,29,MIA,32.0,,32,144,127,19,37,9,1,2,5,1,14,28,.291,.357,.425,.782,.354,54,3,0,1,2,3,1
145,Steve Cishek,29,STL,23.1,,27,99,85,7,18,2,0,2,0,1,13,20,.212,.323,.306,.629,.254,26,4,1,0,0,0,0
146,Alex Claudio*,23,TEX,15.2,,18,66,57,6,12,1,1,4,0,0,6,13,.211,.288,.474,.762,.190,27,1,1,0,2,2,0
147,Tyler Clippard,30,TOT,71.0,,69,301,263,25,49,11,0,8,6,1,31,64,.186,.280,.319,.599,.212,84,2,4,1,2,2,3
148,Tyler Clippard,30,OAK,38.2,,37,167,143,12,25,6,0,3,5,1,21,38,.175,.287,.280,.567,.214,40,0,2,0,1,1,2
149,Tyler Clippard,30,NYM,32.1,,32,134,120,13,24,5,0,5,1,0,10,26,.200,.271,.367,.637,.211,44,2,2,1,1,1,1
150,Phil Coke*,32,TOT,12.2,,18,56,50,8,15,5,0,2,0,0,5,12,.300,.357,.520,.877,.351,26,2,0,0,1,2,0
Rk,Name,Age,Tm,IP,PAu,G,PA,AB,R,H,2B,3B,HR,SB,CS,BB,SO,BA,OBP,SLG,OPS,BAbip,TB,GDP,HBP,SH,SF,IBB,ROE
151,Phil Coke*,32,CHC,10.0,,16,45,41,7,14,5,0,1,0,0,3,9,.341,.378,.537,.914,.406,22,2,0,0,1,2,0
152,Phil Coke*,32,TOR,2.2,,2,11,9,1,1,0,0,1,0,0,2,3,.111,.273,.444,.717,.000,4,0,0,0,0,0,0
153,A.J. Cole,23,WSN,9.1,,3,44,41,11,14,2,0,1,0,0,1,9,.341,.349,.463,.812,.406,19,0,0,1,1,1,1
154,Gerrit Cole,24,PIT,208.0,,32,832,765,71,183,31,5,11,25,10,44,202,.239,.287,.336,.623,.308,257,22,10,7,6,1,8
155,Louis Coleman,29,KCR,3.0,,4,11,9,0,1,1,0,0,0,0,2,1,.111,.273,.222,.495,.125,2,1,0,0,0,0,0
156,Josh Collmenter,29,ARI,121.0,,44,499,466,53,129,33,3,18,3,4,24,63,.277,.310,.476,.786,.284,222,8,1,2,6,2,1
157,Alex Colome,26,TBR,109.2,,43,457,413,50,112,14,1,9,4,5,31,88,.271,.323,.375,.698,.319,155,8,4,2,7,4,2
158,Bartolo Colon,42,NYM,194.2,,33,815,771,94,217,41,2,25,6,3,24,136,.281,.304,.437,.741,.311,337,16,4,9,7,5,8
159,Adam Conley*,25,MIA,67.0,,15,281,252,28,65,14,1,7,3,1,21,59,.258,.318,.405,.723,.305,102,7,3,1,4,1,0
160,Carlos Contreras,24,CIN,28.0,,22,125,103,16,22,8,0,3,1,1,20,19,.214,.347,.379,.725,.235,39,3,1,1,0,0,2
161,Ryan Cook,28,TOT,8.2,,9,54,47,19,20,2,0,4,3,0,7,6,.426,.500,.723,1.223,.432,34,0,0,0,0,0,2
162,Ryan Cook,28,OAK,4.1,,4,23,20,5,7,2,0,0,1,0,3,3,.350,.435,.450,.885,.412,9,0,0,0,0,0,1
163,Ryan Cook,28,BOS,4.1,,5,31,27,14,13,0,0,4,2,0,4,3,.481,.548,.926,1.474,.450,25,0,0,0,0,0,1
164,Tim Cooney*,24,STL,31.1,,6,130,116,12,28,7,1,3,0,3,10,29,.241,.307,.397,.704,.298,46,1,1,3,0,2,2
165,Scott Copeland,27,TOR,15.1,,5,69,65,11,24,5,1,1,0,1,2,6,.369,.382,.523,.905,.390,34,2,0,1,1,0,0
166,Patrick Corbin*,25,ARI,85.0,,16,357,335,34,91,23,2,9,1,0,17,78,.272,.310,.433,.743,.329,145,7,2,2,1,0,2
167,Erik Cordier,29,MIA,12.1,,8,56,48,8,13,2,0,1,1,0,6,7,.271,.357,.375,.732,.293,18,1,1,0,1,1,1
168,John Cornely,26,ATL,1.0,,1,7,6,4,3,0,0,1,0,0,1,1,.500,.571,1.000,1.571,.500,6,0,0,0,0,0,0
169,Kevin Correia,34,PHI,23.1,,5,114,102,23,37,10,0,4,0,0,8,14,.363,.402,.578,.980,.384,59,1,0,2,2,0,1
170,Jarred Cosart,25,MIA,69.2,,14,296,259,35,63,11,4,10,1,1,33,47,.243,.330,.432,.762,.261,112,6,1,2,1,1,1
171,Caleb Cotham,27,NYY,9.2,,12,45,43,7,14,2,0,4,1,1,1,11,.326,.341,.651,.992,.357,28,0,0,1,0,0,1
172,Neal Cotts*,35,TOT,63.1,,68,269,237,26,58,8,0,12,8,0,22,58,.245,.317,.430,.747,.272,102,5,4,3,2,2,2
173,Neal Cotts*,35,MIL,49.2,,51,209,184,18,44,5,0,9,7,0,17,49,.239,.312,.413,.725,.276,76,5,3,3,1,2,1
174,Neal Cotts*,35,MIN,13.2,,17,60,53,8,14,3,0,3,1,0,5,9,.264,.333,.491,.824,.262,26,0,1,0,1,0,1
175,Daniel Coulombe*,25,TOT,16.0,,14,72,63,10,17,7,0,0,0,0,9,11,.270,.361,.381,.742,.327,24,2,0,0,0,0,0
Rk,Name,Age,Tm,IP,PAu,G,PA,AB,R,H,2B,3B,HR,SB,CS,BB,SO,BA,OBP,SLG,OPS,BAbip,TB,GDP,HBP,SH,SF,IBB,ROE
176,Daniel Coulombe*,25,LAD,8.1,,5,40,34,7,9,6,0,0,0,0,6,7,.265,.375,.441,.816,.333,15,0,0,0,0,0,0
177,Daniel Coulombe*,25,OAK,7.2,,9,32,29,3,8,1,0,0,0,0,3,4,.276,.344,.310,.654,.320,9,2,0,0,0,0,0
178,Tyler Cravy,25,MIL,42.2,,14,193,167,30,47,10,4,5,0,2,22,35,.281,.372,.479,.851,.331,80,5,2,2,0,1,2
179,Kyle Crockett*,23,CLE,17.2,,31,74,64,9,17,3,0,1,0,0,7,15,.266,.338,.359,.697,.320,23,4,1,0,2,0,1
180,Johnny Cueto,29,TOT,212.0,,32,866,803,87,194,44,5,21,3,2,46,176,.242,.288,.387,.675,.284,311,18,8,5,4,1,8
181,Johnny Cueto,29,CIN,130.2,,19,516,474,42,93,25,2,11,2,1,29,120,.196,.250,.327,.577,.237,155,10,6,4,3,1,8
182,Johnny Cueto,29,KCR,81.1,,13,350,329,45,101,19,3,10,1,1,17,56,.307,.344,.474,.818,.345,156,8,2,1,1,0,0
183,Brandon Cunniff,26,ATL,35.0,,39,151,127,20,27,3,1,4,1,0,22,37,.213,.327,.346,.673,.264,44,4,0,1,1,2,0
184,John Danks*,30,CHW,177.2,,30,768,695,104,195,47,5,24,7,3,56,124,.281,.334,.466,.800,.309,324,15,3,8,6,1,8
185,Kyle Davies,31,NYY,2.1,,1,10,10,0,3,0,0,0,0,0,0,2,.300,.300,.300,.600,.375,3,1,0,0,0,0,0
186,Zach Davies,22,MIL,34.0,,6,139,123,14,26,7,0,2,0,1,15,24,.211,.297,.317,.614,.247,39,2,0,1,0,0,0
187,Ike Davis*,28,OAK,2.0,,2,8,7,0,1,1,0,0,0,0,1,1,.143,.250,.286,.536,.167,2,0,0,0,0,0,0
188,Wade Davis,29,KCR,67.1,,69,251,229,8,33,9,2,3,4,1,20,78,.144,.211,.240,.451,.200,55,4,0,0,2,1,1
189,Justin De Fratus,27,PHI,80.0,,61,362,316,52,92,23,2,9,6,5,32,68,.291,.360,.462,.822,.340,146,5,5,4,5,2,3
190,Jorge De La Rosa*,34,COL,149.0,,26,635,554,73,137,35,3,17,10,3,65,134,.247,.325,.413,.739,.292,229,18,3,4,8,3,7
191,Rubby De La Rosa,26,ARI,188.2,,32,809,729,103,193,42,1,32,8,4,63,150,.265,.325,.457,.781,.292,333,18,4,8,5,3,8
192,Abel De Los Santos,22,WSN,1.2,,2,8,7,1,2,0,0,1,0,0,1,3,.286,.375,.714,1.089,.333,5,0,0,0,0,0,0
193,Jose De Paula*,27,NYY,3.1,,1,15,11,1,2,0,0,1,0,0,4,2,.182,.400,.455,.855,.125,5,1,0,0,0,0,0
194,Jaff Decker*,25,PIT,1.0,,1,5,5,0,2,1,0,0,0,0,0,0,.400,.400,.600,1.000,.400,3,0,0,0,0,0,0
195,Sam Deduno,31,HOU,21.0,,9,96,82,16,24,6,2,3,3,1,9,17,.293,.379,.524,.903,.333,43,3,3,1,1,0,0
196,Jacob deGrom,27,NYM,191.0,,30,751,694,59,149,24,0,16,4,6,38,205,.215,.255,.318,.574,.277,221,8,2,10,7,2,8
197,Steve Delabar,31,TOR,29.1,,31,129,112,19,28,9,0,5,0,2,14,30,.250,.336,.464,.800,.295,52,1,1,1,1,1,2
198,Randall Delgado,25,ARI,72.0,,64,308,269,28,63,13,0,7,4,1,33,73,.234,.318,.361,.679,.293,97,7,1,2,2,2,3
199,Chris Denorfia,34,CHC,0.1,,1,1,1,0,0,0,0,0,0,0,0,0,.000,.000,.000,.000,.000,0,0,0,0,0,0,0
200,Anthony DeSclafani,25,CIN,184.2,,31,785,710,93,194,43,3,17,16,3,55,151,.273,.328,.414,.742,.324,294,22,5,10,5,5,6
Rk,Name,Age,Tm,IP,PAu,G,PA,AB,R,H,2B,3B,HR,SB,CS,BB,SO,BA,OBP,SLG,OPS,BAbip,TB,GDP,HBP,SH,SF,IBB,ROE
201,Odrisamer Despaigne,28,SDP,125.2,,34,547,495,82,142,26,5,17,2,3,32,69,.287,.340,.463,.802,.303,229,9,9,8,3,3,3
202,Ross Detwiler*,29,TOT,58.1,,41,288,241,51,82,17,2,10,4,5,36,41,.340,.432,.552,.984,.371,133,6,6,1,4,1,1
203,Ross Detwiler*,29,TEX,43.0,,17,208,181,37,62,12,2,9,4,3,20,28,.343,.411,.580,.991,.361,105,2,3,1,3,0,0
204,Ross Detwiler*,29,ATL,15.1,,24,80,60,14,20,5,0,1,0,2,16,13,.333,.488,.467,.954,.404,28,4,3,0,1,1,1
205,Jairo Diaz,24,COL,19.0,,21,78,72,6,16,2,0,2,1,0,6,18,.222,.282,.333,.615,.269,24,0,0,0,0,0,2
206,Jumbo Diaz,31,CIN,60.1,,61,255,229,29,58,12,2,9,4,1,18,70,.253,.313,.441,.755,.322,101,3,3,3,2,3,2
207,R.A. Dickey,40,TOR,214.1,,33,884,798,97,195,37,8,25,6,4,61,126,.244,.303,.405,.708,.258,323,18,11,3,11,1,4
208,Jake Diekman*,28,TOT,58.1,,67,260,226,28,53,12,0,5,3,1,31,69,.235,.335,.354,.689,.316,80,5,3,0,0,0,6
209,Jake Diekman*,28,PHI,36.2,,41,175,149,23,40,10,0,3,3,1,24,49,.268,.377,.396,.773,.381,59,2,2,0,0,0,3
210,Jake Diekman*,28,TEX,21.2,,26,85,77,5,13,2,0,2,0,0,7,20,.169,.247,.273,.520,.200,21,3,1,0,0,0,3
211,Jose Dominguez,24,TBR,5.2,,4,19,16,0,2,1,0,0,0,0,2,5,.125,.222,.188,.410,.182,3,2,0,1,0,0,0
212,Sean Doolittle*,28,OAK,13.2,,12,57,51,6,12,3,0,1,1,0,5,15,.235,.298,.353,.651,.306,18,1,0,0,1,0,0
213,Felix Doubront*,27,TOT,75.1,,16,328,292,50,87,19,0,10,9,5,26,56,.298,.352,.466,.818,.333,136,7,1,4,5,1,4
214,Felix Doubront*,27,TOR,22.2,,5,101,94,15,32,7,0,1,3,1,5,13,.340,.376,.447,.823,.383,42,5,1,0,1,1,3
215,Felix Doubront*,27,OAK,52.2,,11,227,198,35,55,12,0,9,6,4,21,43,.278,.341,.475,.816,.307,94,2,0,4,4,0,1
216,Kyle Drabek,27,CHW,5.1,,3,26,24,3,9,1,0,1,0,0,2,3,.375,.423,.542,.965,.400,13,1,0,0,0,0,0
217,Oliver Drake,28,BAL,15.2,,13,72,61,7,16,3,0,1,0,0,9,17,.262,.347,.361,.708,.333,22,0,0,0,2,0,1
218,Brian Duensing*,32,MIN,48.2,,55,209,181,24,46,9,1,5,6,0,21,24,.254,.343,.398,.741,.268,72,7,4,2,1,4,3
219,Tyler Duffey,24,MIN,58.0,,10,242,219,20,56,12,2,4,0,0,20,53,.256,.318,.384,.702,.321,84,10,0,3,0,0,3
220,Danny Duffy*,26,KCR,136.2,,30,588,518,64,137,18,5,15,5,2,53,102,.264,.340,.405,.746,.300,210,17,9,3,5,0,3
221,Zach Duke*,32,CHW,60.2,,71,255,216,26,47,8,2,9,3,1,32,66,.218,.325,.398,.724,.268,86,10,3,2,1,4,2
222,Ryan Dull,25,OAK,17.0,,13,66,59,8,12,2,0,4,0,0,6,16,.203,.273,.441,.713,.200,26,2,0,0,1,1,0
223,Mike Dunn*,30,MIA,54.0,,72,235,203,27,46,10,2,6,3,2,29,65,.227,.328,.384,.712,.301,78,3,2,0,1,1,0
224,Sam Dyson,27,TOT,75.1,,75,309,279,26,65,9,0,4,8,1,21,71,.233,.295,.308,.603,.298,86,6,4,4,1,1,2
225,Sam Dyson,27,MIA,44.0,,44,190,166,21,41,5,0,3,7,1,17,41,.247,.326,.331,.658,.309,55,3,3,3,1,1,2
Rk,Name,Age,Tm,IP,PAu,G,PA,AB,R,H,2B,3B,HR,SB,CS,BB,SO,BA,OBP,SLG,OPS,BAbip,TB,GDP,HBP,SH,SF,IBB,ROE
226,Sam Dyson,27,TEX,31.1,,31,119,113,5,24,4,0,1,1,0,4,30,.212,.246,.274,.520,.280,31,3,1,1,0,0,0
227,Carl Edwards,23,CHC,4.2,,5,19,16,3,3,1,0,0,0,0,3,4,.188,.316,.250,.566,.250,4,1,0,0,0,0,1
228,Jon Edwards,27,TOT,16.2,,22,75,57,8,12,2,0,4,4,2,16,22,.211,.373,.456,.829,.242,26,1,0,0,2,0,0
229,Jon Edwards,27,TEX,6.0,,11,31,22,4,6,1,0,1,2,0,8,6,.273,.452,.455,.906,.313,10,1,0,0,1,0,0
230,Jon Edwards,27,SDP,10.2,,11,44,35,4,6,1,0,3,2,2,8,16,.171,.318,.457,.775,.176,16,0,0,0,1,0,0
231,Jerad Eickhoff,24,PHI,51.0,,8,203,189,16,40,7,3,5,1,2,13,49,.212,.261,.360,.621,.257,68,2,0,0,1,0,2
232,Roenis Elias*,26,SEA,115.1,,22,490,432,57,106,20,2,15,5,4,44,97,.245,.325,.405,.730,.281,175,11,9,1,4,1,4
233,Brian Ellington,24,MIA,25.0,,23,105,88,10,17,7,0,1,4,1,13,18,.193,.305,.307,.612,.225,27,3,2,0,2,2,2
234,Jake Elmore,28,TBR,1.0,,1,6,6,1,3,0,0,1,0,0,0,0,.500,.500,1.000,1.500,.400,6,0,0,0,0,0,0
235,Nathan Eovaldi,25,NYY,154.1,,27,673,615,72,175,25,1,10,3,1,49,121,.285,.339,.377,.716,.339,232,14,3,3,3,0,3
236,Robbie Erlin*,24,SDP,17.0,,3,65,62,9,16,2,1,1,1,0,2,10,.258,.292,.371,.663,.294,23,6,1,0,0,0,0
237,Marco Estrada,31,TOR,181.0,,34,725,659,67,134,24,5,24,7,5,55,131,.203,.269,.364,.633,.217,240,6,5,2,3,2,4
238,Dana Eveland*,31,ATL,3.1,,10,18,14,2,5,4,0,1,0,0,3,4,.357,.444,.857,1.302,.400,12,0,0,0,1,1,0
239,Jeurys Familia,25,NYM,78.0,,76,308,285,16,59,9,1,6,2,1,19,86,.207,.261,.309,.569,.273,88,6,2,1,1,1,1
240,Buck Farmer,24,DET,40.1,,14,186,164,35,53,10,2,10,1,2,17,24,.323,.395,.591,.986,.328,97,6,3,1,1,2,2
241,Danny Farquhar,28,SEA,51.0,,43,219,199,33,53,16,1,9,2,0,17,48,.266,.326,.492,.818,.308,98,6,1,1,1,2,1
242,Andrew Faulkner*,22,TEX,9.2,,11,40,37,3,8,1,0,2,0,0,3,10,.216,.275,.405,.680,.240,15,1,0,0,0,1,1
243,Scott Feldman,32,HOU,108.1,,18,451,418,49,115,17,3,13,11,2,27,61,.275,.316,.423,.739,.292,177,15,0,1,5,1,5
244,Michael Feliz,22,HOU,8.0,,5,38,33,7,9,2,0,2,0,0,4,7,.273,.368,.515,.884,.292,17,0,1,0,0,0,0
245,Neftali Feliz,27,TOT,48.0,,48,212,191,34,57,8,4,5,2,3,18,39,.298,.360,.461,.821,.351,88,5,1,1,1,6,1
246,Neftali Feliz,27,TEX,19.2,,18,91,82,10,24,4,0,2,0,1,9,16,.293,.363,.415,.777,.344,34,1,0,0,0,3,1
247,Neftali Feliz,27,DET,28.1,,30,121,109,24,33,4,4,3,2,2,9,23,.303,.358,.495,.854,.357,54,4,1,1,1,3,0
248,Jose Fernandez,22,MIA,64.2,,11,265,245,21,61,8,2,4,0,0,14,79,.249,.291,.347,.638,.343,85,6,2,0,4,0,2
249,Jeff Ferrell,24,DET,11.1,,9,50,45,8,12,2,0,3,0,0,4,6,.267,.320,.511,.831,.243,23,1,0,0,1,0,1
250,Josh Fields,29,HOU,50.2,,54,209,186,20,39,8,3,2,3,2,19,67,.210,.285,.317,.602,.314,59,0,1,2,1,3,0
Rk,Name,Age,Tm,IP,PAu,G,PA,AB,R,H,2B,3B,HR,SB,CS,BB,SO,BA,OBP,SLG,OPS,BAbip,TB,GDP,HBP,SH,SF,IBB,ROE
251,Casey Fien,31,MIN,63.1,,62,257,244,26,61,9,2,6,5,1,8,41,.250,.271,.377,.648,.275,92,1,0,2,3,0,1
252,Mike Fiers,30,TOT,180.1,,31,761,680,83,162,29,7,24,12,5,64,180,.238,.306,.407,.713,.285,277,8,6,3,8,5,7
253,Mike Fiers,30,MIL,118.0,,21,509,452,57,117,22,5,14,9,3,43,121,.259,.326,.423,.749,.319,191,7,5,3,6,5,5
254,Mike Fiers,30,HOU,62.1,,10,252,228,26,45,7,2,10,3,2,21,59,.197,.266,.377,.643,.217,86,1,1,0,2,0,2
255,Brandon Finnegan*,22,TOT,48.0,,20,197,171,19,37,7,1,8,3,1,21,45,.216,.304,.409,.713,.244,70,6,1,3,1,0,2
256,Brandon Finnegan*,22,KCR,24.1,,14,99,83,8,16,3,0,3,2,0,13,21,.193,.306,.337,.643,.217,28,5,1,1,1,0,1
257,Brandon Finnegan*,22,CIN,23.2,,6,98,88,11,21,4,1,5,1,1,8,24,.239,.302,.477,.779,.271,42,1,0,2,0,0,1
258,Doug Fister,31,WSN,103.0,,25,449,407,56,120,18,3,14,1,3,24,63,.295,.339,.457,.796,.316,186,9,6,7,5,3,7
259,Yohan Flande*,29,COL,68.1,,19,296,264,36,73,16,3,14,2,1,25,43,.277,.340,.519,.859,.284,137,11,1,5,1,3,3
260,Kendry Flores,23,MIA,12.2,,7,57,51,8,16,3,0,0,0,1,4,9,.314,.368,.373,.741,.372,19,2,1,0,1,1,1
261,Gavin Floyd,32,CLE,13.1,,7,55,50,4,11,2,0,0,1,0,4,7,.220,.291,.260,.551,.256,13,1,1,0,0,0,0
262,Mike Foltynewicz,23,ATL,86.2,,18,399,358,63,112,23,2,17,6,3,29,77,.313,.365,.531,.896,.352,190,6,4,2,6,0,4
263,Jeff Francis*,34,TOR,22.0,,14,100,90,16,27,4,0,3,1,0,9,21,.300,.370,.444,.814,.364,40,3,1,0,0,0,1
264,Jeff Francoeur,31,PHI,2.0,,1,11,6,2,1,0,0,1,0,0,3,1,.167,.455,.667,1.121,.000,4,0,1,0,1,0,0
265,Nick Franklin,24,TBR,1.0,,1,7,6,2,3,1,0,1,0,0,0,0,.500,.571,1.167,1.738,.400,7,0,1,0,0,0,0
266,Jason Frasor,37,TOT,28.0,,32,124,104,5,27,7,0,1,2,0,18,22,.260,.366,.356,.722,.317,37,4,0,1,1,3,0
267,Jason Frasor,37,KCR,23.1,,26,104,87,5,24,7,0,1,1,0,15,18,.276,.379,.391,.769,.333,34,4,0,1,1,2,0
268,Jason Frasor,37,ATL,4.2,,6,20,17,0,3,0,0,0,1,0,3,4,.176,.300,.176,.476,.231,3,0,0,0,0,1,0
269,Sam Freeman*,28,TEX,38.1,,54,171,142,13,31,5,0,4,3,1,25,40,.218,.345,.338,.683,.273,48,2,3,0,1,0,0
270,Carlos Frias,25,LAD,77.2,,17,333,296,38,88,11,0,7,3,3,26,43,.297,.356,.405,.761,.324,120,11,3,4,4,1,2
271,Christian Friedrich*,27,COL,58.1,,68,270,234,37,75,11,1,5,1,0,25,45,.321,.380,.440,.820,.368,103,8,1,4,6,2,2
272,Ernesto Frieri,29,TBR,23.1,,22,100,86,12,20,3,0,6,4,0,11,19,.233,.320,.477,.797,.222,41,2,1,0,2,0,1
273,Kyuji Fujikawa,34,TEX,1.2,,2,8,7,3,2,0,0,1,0,0,0,1,.286,.375,.714,1.089,.200,5,0,1,0,0,0,0
274,Charlie Furbush*,29,SEA,21.2,,33,82,74,6,9,1,0,2,2,1,5,17,.122,.198,.216,.414,.127,16,0,2,1,0,2,2
275,Yovani Gallardo,29,TEX,184.1,,33,793,720,76,193,33,8,15,10,7,68,121,.268,.331,.399,.729,.303,287,18,1,1,3,0,9
Rk,Name,Age,Tm,IP,PAu,G,PA,AB,R,H,2B,3B,HR,SB,CS,BB,SO,BA,OBP,SLG,OPS,BAbip,TB,GDP,HBP,SH,SF,IBB,ROE
276,Frank Garces*,25,SDP,38.0,,40,173,146,23,41,5,0,9,2,1,22,30,.281,.374,.500,.874,.294,73,4,1,1,2,1,1
277,Jaime Garcia*,28,STL,129.2,,20,510,471,37,106,17,0,6,3,2,30,97,.225,.274,.299,.574,.270,141,17,3,3,3,0,5
278,Jason Garcia,22,BAL,29.2,,21,132,112,19,25,9,0,3,3,1,17,22,.223,.333,.384,.717,.250,43,1,2,0,1,1,3
279,Leury Garcia,24,CHW,1.0,,1,5,4,0,1,0,0,0,0,0,0,1,.250,.400,.250,.650,.333,1,0,1,0,0,0,0
280,Luis Garcia,28,PHI,66.2,,72,304,262,28,72,13,2,4,6,1,37,63,.275,.362,.385,.748,.345,101,9,0,3,2,8,7
281,Yimi Garcia,24,LAD,56.2,,59,225,211,23,44,5,0,8,3,1,10,68,.209,.249,.346,.595,.263,73,0,2,0,2,1,3
282,Matt Garza,31,MIL,148.2,,26,666,598,102,176,37,1,23,6,5,57,104,.294,.357,.475,.832,.323,284,14,2,7,2,3,5
283,Kevin Gausman,24,BAL,112.1,,25,470,434,56,109,29,1,17,3,2,29,103,.251,.299,.440,.739,.290,191,2,2,2,3,1,4
284,Cory Gearrin,29,SFG,3.2,,7,13,12,2,1,0,0,0,0,0,1,5,.083,.154,.083,.237,.143,1,0,0,0,0,0,0
285,Dillon Gee,29,NYM,39.2,,8,183,167,29,55,11,2,5,3,1,11,25,.329,.370,.509,.879,.360,85,4,1,2,2,3,2
286,Steve Geltz,27,TBR,67.1,,70,269,238,31,45,7,0,8,6,2,26,61,.189,.274,.319,.594,.219,76,5,2,2,0,3,3
287,Gonzalez Germen,27,TOT,38.2,,35,176,149,19,41,8,3,4,2,0,26,33,.275,.383,.450,.833,.330,67,6,0,1,0,3,0
288,Gonzalez Germen,27,CHC,6.0,,6,29,23,5,8,2,2,0,0,0,5,8,.348,.464,.609,1.073,.533,14,2,0,1,0,2,0
289,Gonzalez Germen,27,COL,32.2,,29,147,126,14,33,6,1,4,2,0,21,25,.262,.367,.421,.788,.299,53,4,0,0,0,1,0
290,Kyle Gibson,27,MIN,194.2,,32,821,737,88,186,41,0,18,10,1,65,145,.252,.317,.381,.698,.290,281,27,7,6,6,6,12
291,Ken Giles,24,PHI,70.0,,69,298,269,23,59,9,1,2,2,0,25,87,.219,.286,.283,.569,.313,76,3,1,1,2,2,4
292,Sean Gilmartin*,25,NYM,57.1,,50,235,212,17,50,11,1,2,2,2,18,54,.236,.300,.325,.626,.306,69,6,2,2,1,5,3
293,Mychal Givens,25,BAL,30.0,,22,117,108,7,20,8,1,1,0,0,6,38,.185,.233,.306,.538,.271,33,1,1,1,1,0,0
294,Zack Godley,25,ARI,36.2,,9,150,128,13,29,5,0,4,1,0,17,34,.227,.329,.359,.688,.275,46,7,3,1,1,1,0
295,Erik Goeddel,26,NYM,33.1,,35,132,118,9,24,7,0,1,4,0,9,34,.203,.265,.288,.553,.267,34,2,2,0,3,2,0
296,David Goforth,26,MIL,24.2,,20,111,99,13,32,5,0,4,3,2,8,24,.323,.367,.495,.862,.384,49,2,0,2,2,2,2
297,Brandon Gomes,30,TBR,59.0,,63,245,222,28,55,12,0,10,3,1,15,44,.248,.302,.437,.739,.265,97,3,3,3,2,2,2
298,Jonny Gomes,34,ATL,1.0,,1,6,5,2,3,2,0,1,0,0,0,1,.600,.500,1.600,2.100,.500,8,0,0,0,1,0,0
299,Jeanmar Gomez,27,PHI,74.2,,65,319,295,28,82,16,1,4,3,2,17,50,.278,.318,.380,.697,.318,112,6,2,1,4,4,5
300,Marco Gonzales*,23,STL,2.2,,1,16,14,4,7,1,0,1,0,0,1,1,.500,.500,.786,1.286,.462,11,0,0,0,1,0,0
Rk,Name,Age,Tm,IP,PAu,G,PA,AB,R,H,2B,3B,HR,SB,CS,BB,SO,BA,OBP,SLG,OPS,BAbip,TB,GDP,HBP,SH,SF,IBB,ROE
301,Chi Chi Gonzalez,23,TEX,67.0,,14,280,242,33,49,11,1,6,1,0,32,30,.202,.301,.331,.632,.207,80,5,3,1,2,1,5
302,Gio Gonzalez*,29,WSN,175.2,,31,758,673,79,181,31,8,8,8,7,69,169,.269,.336,.374,.711,.343,252,16,4,3,9,3,5
303,Miguel Gonzalez,31,BAL,144.2,,26,622,559,81,151,26,3,24,3,1,51,109,.270,.339,.456,.795,.297,255,15,8,2,2,2,0
304,Severino Gonzalez,22,PHI,30.2,,7,143,127,27,44,6,1,5,3,1,7,28,.346,.387,.528,.915,.398,67,1,4,1,4,0,1
305,Nick Goody,23,NYY,5.2,,7,26,22,3,6,3,0,0,0,0,3,3,.273,.385,.409,.794,.316,9,1,1,0,0,0,0
306,Tom Gorzelanny*,32,DET,39.1,,48,181,154,28,45,12,3,4,4,1,23,36,.292,.391,.487,.878,.360,75,3,2,2,0,2,2
307,Trevor Gott,22,LAA,47.2,,48,202,178,18,43,3,2,2,1,2,16,27,.242,.310,.315,.625,.270,56,3,3,2,3,3,1
308,Matt Grace*,26,WSN,17.0,,26,84,73,11,26,6,0,0,1,0,8,14,.356,.417,.438,.855,.426,32,2,1,0,2,2,1
309,J.R. Graham,25,MIN,63.2,,39,283,254,41,73,10,2,10,6,1,21,53,.287,.349,.461,.809,.326,117,7,4,2,2,0,3
310,Kendall Graveman,24,OAK,115.2,,21,502,456,57,126,22,0,15,7,5,38,77,.276,.337,.423,.761,.303,193,9,5,1,2,0,5
311,Jon Gray,23,COL,40.2,,9,185,163,26,52,13,1,4,5,2,14,40,.319,.372,.485,.856,.390,79,3,2,2,4,2,1
312,Sonny Gray,25,OAK,208.0,,31,831,765,71,166,23,1,17,7,2,59,169,.217,.273,.316,.590,.256,242,19,2,1,4,0,8
313,Shane Greene,26,DET,83.2,,18,373,334,67,103,19,8,13,3,4,27,50,.308,.367,.530,.897,.327,177,10,6,2,4,4,2
314,Nick Greenwood*,27,STL,0.0,,1,2,2,2,2,0,0,1,0,0,0,0,1.000,1.000,2.500,3.500,1.000,5,0,0,0,0,0,0
315,Luke Gregerson,31,HOU,61.0,,64,239,225,24,48,7,1,5,3,0,10,59,.213,.253,.320,.573,.267,72,6,2,2,0,2,4
316,Kevin Gregg,37,CIN,10.2,,11,51,45,12,13,0,0,3,1,0,5,14,.289,.360,.489,.849,.357,22,0,0,1,0,0,1
317,Zack Greinke,31,LAD,222.2,,32,843,790,43,148,22,3,14,7,6,40,200,.187,.231,.276,.507,.232,218,15,5,6,2,1,7
318,Jason Grilli,38,ATL,33.2,,36,140,129,13,28,11,0,2,0,0,10,45,.217,.271,.349,.620,.313,45,0,0,0,1,1,2
319,Justin Grimm,26,CHC,49.2,,62,204,174,18,31,7,0,4,7,0,26,67,.178,.284,.287,.572,.255,50,4,1,0,3,1,3
320,Mayckol Guaipe,24,SEA,26.2,,21,121,103,19,34,4,1,5,1,2,13,22,.330,.417,.534,.951,.377,55,4,3,1,1,1,1
321,Deolis Guerra,26,PIT,16.2,,10,74,70,12,26,6,0,5,1,0,3,17,.371,.405,.671,1.077,.438,47,2,1,0,0,0,0
322,Javy Guerra,29,CHW,1.2,,3,7,6,0,2,0,0,0,0,0,1,0,.333,.429,.333,.762,.333,2,1,0,0,0,0,0
323,Junior Guerra,30,CHW,4.0,,3,18,17,3,7,0,0,1,1,0,1,3,.412,.444,.588,1.033,.462,10,0,0,0,0,1,0
324,Preston Guilmet,27,TOT,7.1,,5,35,29,9,9,1,0,2,1,0,4,6,.310,.371,.552,.923,.304,16,0,0,0,2,0,0
325,Preston Guilmet,27,TBR,5.1,,3,23,20,3,5,1,0,1,1,0,2,5,.250,.304,.450,.754,.267,9,0,0,0,1,0,0
Rk,Name,Age,Tm,IP,PAu,G,PA,AB,R,H,2B,3B,HR,SB,CS,BB,SO,BA,OBP,SLG,OPS,BAbip,TB,GDP,HBP,SH,SF,IBB,ROE
326,Preston Guilmet,27,MIL,2.0,,2,12,9,6,4,0,0,1,0,0,2,1,.444,.500,.778,1.278,.375,7,0,0,0,1,0,0
327,Jason Gurka*,27,COL,7.2,,9,39,37,8,16,6,0,1,0,0,2,7,.432,.462,.676,1.137,.517,25,0,0,0,0,0,0
328,Jeremy Guthrie,36,KCR,148.1,,30,664,600,101,186,30,3,29,5,6,44,84,.310,.363,.515,.878,.318,309,7,9,5,6,1,3
329,Nick Hagadone*,29,CLE,27.1,,36,124,110,16,30,3,1,3,0,1,12,28,.273,.341,.400,.741,.338,44,2,0,1,1,1,3
330,Jesse Hahn,25,OAK,96.2,,16,406,370,46,88,17,0,5,2,4,25,64,.238,.299,.324,.623,.274,120,15,8,1,2,1,14
331,David Hale,27,COL,78.1,,17,346,319,56,95,25,2,14,8,0,20,61,.298,.341,.520,.861,.329,166,6,2,3,2,2,2
332,Cody Hall,27,SFG,8.1,,7,41,36,6,10,1,0,1,0,0,4,7,.278,.366,.389,.755,.321,14,0,1,0,0,0,1
333,Cole Hamels*,31,TOT,212.1,,32,880,800,88,190,35,2,22,24,3,62,215,.238,.300,.369,.669,.297,295,19,10,6,2,3,7
334,Cole Hamels*,31,PHI,128.2,,20,537,486,53,113,18,1,12,16,2,39,137,.233,.297,.348,.645,.299,169,6,6,5,1,3,3
335,Cole Hamels*,31,TEX,83.2,,12,343,314,35,77,17,1,10,8,1,23,78,.245,.304,.401,.705,.295,126,13,4,1,1,0,4
336,Jason Hammel,32,CHC,170.2,,31,710,654,79,158,37,7,23,15,3,40,172,.242,.289,.425,.714,.290,278,13,6,4,6,4,13
337,Brad Hand*,25,MIA,93.1,,38,408,366,55,107,22,1,9,5,2,32,67,.292,.352,.432,.784,.336,158,12,3,5,2,1,1
338,Donovan Hand,29,CIN,3.0,,1,13,11,0,2,1,0,0,1,0,1,3,.182,.308,.273,.580,.250,3,0,1,0,0,0,0
339,J.A. Happ*,32,TOT,172.0,,32,717,668,71,173,38,1,16,8,7,45,151,.259,.308,.391,.698,.313,261,14,2,2,0,4,5
340,J.A. Happ*,32,SEA,108.2,,21,468,433,58,121,25,1,13,5,5,32,82,.279,.332,.432,.764,.320,187,9,2,1,0,3,3
341,J.A. Happ*,32,PIT,63.1,,11,249,235,13,52,13,0,3,3,2,13,69,.221,.262,.315,.577,.301,74,5,0,1,0,1,2
342,Aaron Harang,37,PHI,172.1,,29,748,681,100,189,31,11,26,4,4,51,108,.278,.332,.470,.802,.297,320,16,6,8,2,3,6
343,Blaine Hardy*,28,DET,61.1,,70,265,235,23,61,17,3,2,1,0,22,55,.260,.321,.383,.704,.324,90,3,1,3,4,2,2
344,Dan Haren,34,TOT,187.1,,32,768,709,79,174,44,2,31,6,2,38,132,.245,.289,.444,.734,.260,315,14,8,8,5,2,6
345,Dan Haren,34,MIA,129.0,,21,524,482,50,116,28,1,21,3,1,25,88,.241,.286,.434,.719,.252,209,10,7,6,4,1,3
346,Dan Haren,34,CHC,58.1,,11,244,227,29,58,16,1,10,3,1,13,44,.256,.298,.467,.764,.276,106,4,1,2,1,1,3
347,Mitch Harris,29,STL,27.0,,26,122,108,14,30,1,0,4,2,0,13,15,.278,.355,.398,.754,.292,43,2,0,1,0,0,2
348,Will Harris,30,HOU,71.0,,68,276,250,18,42,4,1,8,7,0,22,68,.168,.237,.288,.525,.194,72,4,1,2,1,1,2
349,Matt Harrison*,29,TEX,16.0,,3,69,62,12,19,2,1,3,0,0,6,5,.306,.362,.516,.878,.291,32,4,0,0,1,0,0
350,Matt Harvey,26,NYM,189.1,,29,755,703,62,156,26,3,18,11,3,37,188,.222,.265,.344,.609,.277,242,13,5,7,2,2,8
Rk,Name,Age,Tm,IP,PAu,G,PA,AB,R,H,2B,3B,HR,SB,CS,BB,SO,BA,OBP,SLG,OPS,BAbip,TB,GDP,HBP,SH,SF,IBB,ROE
351,Chris Hatcher,30,LAD,39.0,,49,166,147,19,35,8,0,4,3,0,13,45,.238,.311,.374,.685,.313,55,4,3,2,1,2,3
352,Marcus Hatley,27,STL,1.1,,2,7,5,0,1,0,0,0,0,0,2,2,.200,.429,.200,.629,.333,1,0,0,0,0,0,0
353,LaTroy Hawkins,42,TOT,38.2,,42,162,154,16,44,4,2,4,2,2,7,34,.286,.317,.416,.732,.345,64,4,0,1,0,1,1
354,LaTroy Hawkins,42,COL,22.1,,24,89,85,9,22,1,1,3,0,2,4,20,.259,.292,.400,.692,.306,34,2,0,0,0,1,0
355,LaTroy Hawkins,42,TOR,16.1,,18,73,69,7,22,3,1,1,2,0,3,14,.319,.347,.435,.782,.389,30,2,0,1,0,0,1
356,Andrew Heaney*,24,LAA,105.2,,18,438,400,41,99,22,1,9,3,0,28,78,.248,.304,.375,.679,.285,150,10,6,1,3,1,2
357,Jeremy Hellickson,28,ARI,146.0,,27,636,573,79,151,40,4,22,8,1,43,121,.264,.318,.462,.781,.296,265,9,6,8,6,3,6
358,Heath Hembree,26,BOS,25.1,,22,106,97,10,25,4,1,5,2,2,9,15,.258,.321,.474,.795,.260,46,3,0,0,0,2,1
359,Kyle Hendricks,25,CHC,180.0,,32,739,681,82,166,36,3,17,13,5,43,167,.244,.296,.380,.677,.300,259,15,8,6,0,1,7
360,Liam Hendriks,26,TOR,64.2,,58,261,246,23,59,11,1,3,6,2,11,71,.240,.276,.329,.605,.322,81,3,2,0,2,1,3
361,David Hernandez,30,ARI,33.2,,40,144,129,18,33,7,0,6,2,0,11,33,.256,.329,.450,.778,.300,58,3,3,1,0,0,1
362,Felix Hernandez,29,SEA,201.2,,31,826,750,80,180,27,5,23,13,5,58,191,.240,.301,.381,.682,.291,286,18,9,4,4,0,4
363,Roberto Hernandez,34,HOU,84.2,,20,357,327,48,90,21,4,9,10,3,26,42,.275,.328,.446,.774,.290,146,9,1,0,3,2,2
364,Kelvin Herrera,25,KCR,69.2,,72,286,252,23,52,8,0,5,7,2,26,64,.206,.281,.298,.578,.250,75,3,2,1,5,1,2
365,Keith Hessler*,26,ARI,12.1,,18,57,53,11,16,3,1,4,0,0,4,12,.302,.351,.623,.974,.324,33,0,0,0,0,1,0
366,Chris Heston,27,SFG,177.2,,31,746,667,82,169,36,6,16,5,6,64,141,.253,.331,.397,.728,.300,265,26,13,2,0,3,2
367,Rich Hill*,35,BOS,29.0,,4,106,99,5,14,1,0,2,1,0,5,36,.141,.198,.212,.410,.197,21,3,2,0,0,0,1
368,Taylor Hill,26,WSN,12.0,,6,51,46,5,14,2,1,2,2,0,4,9,.304,.373,.522,.894,.343,24,4,1,0,0,0,0
369,Dalier Hinojosa,29,TOT,24.2,,19,102,90,3,15,2,0,1,1,0,11,23,.167,.265,.222,.487,.212,20,1,1,0,0,1,3
370,Dalier Hinojosa,29,BOS,1.2,,1,9,5,0,0,0,0,0,1,0,3,2,.000,.444,.000,.444,.000,0,0,1,0,0,0,0
371,Dalier Hinojosa,29,PHI,23.0,,18,93,85,3,15,2,0,1,0,0,8,21,.176,.247,.235,.483,.222,20,1,0,0,0,1,3
372,Luke Hochevar,31,KCR,50.2,,49,214,196,23,49,10,2,7,3,1,16,49,.250,.308,.429,.737,.298,84,2,1,0,1,0,2
373,Derek Holland*,28,TEX,58.2,,10,245,219,32,59,12,2,11,1,2,17,41,.269,.335,.493,.828,.286,108,9,5,3,1,2,1
374,Greg Holland,29,KCR,44.2,,48,193,163,20,39,8,2,2,0,2,26,49,.239,.342,.350,.692,.327,57,4,0,3,1,1,1
375,David Holmberg*,23,CIN,28.1,,6,136,112,24,36,3,0,10,2,0,16,15,.321,.409,.616,1.025,.292,69,3,2,4,2,0,1
Rk,Name,Age,Tm,IP,PAu,G,PA,AB,R,H,2B,3B,HR,SB,CS,BB,SO,BA,OBP,SLG,OPS,BAbip,TB,GDP,HBP,SH,SF,IBB,ROE
376,J.J. Hoover,27,CIN,64.1,,67,264,224,24,44,9,4,7,1,1,31,52,.196,.297,.366,.663,.222,82,6,2,5,2,1,4
377,T.J. House*,25,CLE,13.0,,4,73,58,19,21,3,0,1,4,0,12,7,.362,.479,.466,.945,.392,27,1,2,0,1,1,1
378,Adrian Houser,22,MIL,2.0,,2,8,6,0,1,0,0,0,0,0,2,0,.167,.375,.167,.542,.167,1,1,0,0,0,0,0
379,J.P. Howell*,32,LAD,44.0,,65,190,173,9,47,3,0,3,7,1,14,39,.272,.332,.341,.673,.333,59,6,2,0,1,1,3
380,Daniel Hudson,28,ARI,67.2,,64,290,261,34,64,13,1,7,7,3,25,71,.245,.308,.383,.691,.306,100,2,0,1,3,2,4
381,Tim Hudson,39,SFG,123.2,,24,525,476,62,134,16,2,13,3,4,37,64,.282,.340,.405,.746,.301,193,19,7,2,3,1,2
382,David Huff*,30,LAD,6.0,,3,30,27,6,11,0,0,2,0,0,1,4,.407,.448,.630,1.078,.429,17,0,1,1,0,0,0
383,Jared Hughes,29,PIT,67.0,,76,284,248,21,70,10,2,3,9,5,19,36,.282,.345,.375,.720,.315,93,11,7,6,4,2,5
384,Phil Hughes,29,MIN,155.1,,27,651,629,76,184,40,2,29,7,2,16,94,.293,.311,.501,.812,.305,315,11,2,1,3,0,3
385,Tommy Hunter,28,TOT,60.1,,58,249,230,29,61,9,1,7,10,2,14,47,.265,.306,.404,.711,.302,93,5,1,1,3,2,1
386,Tommy Hunter,28,BAL,44.2,,39,180,164,19,41,6,1,3,7,2,11,32,.250,.296,.354,.650,.288,58,4,1,1,3,2,1
387,Tommy Hunter,28,CHC,15.2,,19,69,66,10,20,3,0,4,3,0,3,15,.303,.333,.530,.864,.340,35,1,0,0,0,0,0
388,Drew Hutchison,24,TOR,150.1,,30,664,603,103,179,40,0,22,14,8,44,129,.297,.352,.473,.825,.343,285,15,11,0,6,0,6
389,Colt Hynes*,30,TOR,3.0,,5,18,16,2,8,1,0,0,0,0,2,4,.500,.556,.563,1.118,.667,9,1,0,0,0,1,0
390,Edgar Ibarra*,26,LAA,4.0,,2,19,16,1,4,1,0,0,0,0,3,3,.250,.368,.313,.681,.308,5,0,0,0,0,0,0
391,Raisel Iglesias,25,CIN,95.1,,18,395,356,45,81,21,1,11,3,1,28,104,.228,.297,.385,.682,.290,137,8,7,4,0,0,3
392,Hisashi Iwakuma,34,SEA,129.2,,20,516,487,53,117,23,1,18,1,2,21,111,.240,.271,.402,.674,.274,196,9,1,4,3,1,1
393,Edwin Jackson,31,TOT,55.2,,47,228,202,25,44,11,0,4,4,1,21,40,.218,.291,.332,.622,.248,67,5,1,1,3,1,3
394,Edwin Jackson,31,CHC,31.0,,23,134,118,14,30,7,0,0,4,1,12,23,.254,.323,.314,.637,.309,37,2,1,1,2,1,2
395,Edwin Jackson,31,ATL,24.2,,24,94,84,11,14,4,0,4,0,0,9,17,.167,.245,.357,.602,.156,30,3,0,0,1,0,1
396,Jay Jackson,27,SDP,4.1,,6,20,19,3,7,2,0,0,0,0,1,4,.368,.400,.474,.874,.467,9,1,0,0,0,0,0
397,Luke Jackson,23,TEX,6.1,,7,27,25,3,5,1,0,1,0,0,2,6,.200,.259,.360,.619,.222,9,0,0,0,0,0,0
398,Juan Jaime,27,ATL,1.1,,2,8,3,1,0,0,0,0,1,0,4,1,.000,.571,.000,.571,.000,0,0,0,1,0,1,0
399,Kenley Jansen,27,LAD,52.1,,54,200,188,14,33,5,0,6,5,0,8,80,.176,.215,.298,.513,.260,56,0,2,0,2,0,1
400,Casey Janssen,33,WSN,40.0,,48,166,153,22,38,9,2,5,0,1,8,27,.248,.288,.431,.720,.270,66,2,1,3,1,3,0
Rk,Name,Age,Tm,IP,PAu,G,PA,AB,R,H,2B,3B,HR,SB,CS,BB,SO,BA,OBP,SLG,OPS,BAbip,TB,GDP,HBP,SH,SF,IBB,ROE
401,Jeremy Jeffress,27,MIL,68.0,,72,285,257,22,64,9,1,5,2,0,22,67,.249,.316,.350,.666,.319,90,12,3,3,0,5,6
402,Chad Jenkins,27,TOR,3.2,,2,17,14,2,3,0,0,1,0,0,3,2,.214,.353,.429,.782,.182,6,0,0,0,0,0,0
403,Dan Jennings*,28,CHW,56.1,,53,244,215,28,55,8,0,3,1,0,24,46,.256,.329,.335,.664,.311,72,6,0,4,1,6,4
404,Kevin Jepsen,30,TOT,69.2,,75,285,252,20,52,2,1,5,4,2,27,59,.206,.278,.282,.560,.244,71,4,0,1,5,1,5
405,Kevin Jepsen,30,TBR,41.2,,46,176,150,15,34,1,1,4,3,2,20,34,.227,.309,.327,.635,.256,49,3,0,1,5,1,4
406,Kevin Jepsen,30,MIN,28.0,,29,109,102,5,18,1,0,1,1,0,7,25,.176,.229,.216,.445,.224,22,1,0,0,0,0,1
407,Cesar Jimenez*,30,TOT,23.0,,19,91,83,8,17,2,0,2,3,0,8,25,.205,.275,.301,.576,.268,25,3,0,0,0,0,0
408,Cesar Jimenez*,30,PHI,3.1,,3,10,10,0,1,0,0,0,0,0,0,4,.100,.100,.100,.200,.167,1,1,0,0,0,0,0
409,Cesar Jimenez*,30,MIL,19.2,,16,81,73,8,16,2,0,2,3,0,8,21,.219,.296,.329,.625,.280,24,2,0,0,0,0,0
410,Ubaldo Jimenez,31,BAL,184.0,,32,791,707,89,182,29,5,20,22,3,68,168,.257,.330,.397,.728,.310,281,16,11,1,4,1,6
411,Brian Johnson*,24,BOS,4.1,,1,19,14,4,3,0,0,0,2,0,4,3,.214,.368,.214,.583,.250,3,1,0,0,1,0,0
412,Erik Johnson,25,CHW,35.0,,6,151,129,14,32,6,0,8,1,3,17,30,.248,.333,.481,.814,.255,62,1,1,1,3,0,2
413,Jim Johnson,32,TOT,66.2,,72,291,260,36,77,7,1,5,7,0,20,50,.296,.354,.388,.743,.346,101,13,5,3,3,2,2
414,Jim Johnson,32,ATL,48.0,,49,196,176,14,45,4,1,2,6,0,14,33,.256,.311,.324,.635,.301,57,9,1,3,2,2,1
415,Jim Johnson,32,LAD,18.2,,23,95,84,22,32,3,0,3,1,0,6,17,.381,.442,.524,.966,.446,44,4,4,0,1,0,1
416,Steve Johnson,27,BAL,5.1,,6,29,24,6,8,3,0,2,0,0,5,3,.333,.448,.708,1.157,.316,17,1,0,0,0,0,1
417,Garrett Jones*,34,NYY,0.2,,1,4,2,0,0,0,0,0,0,0,1,0,.000,.500,.000,.500,.000,0,0,1,0,0,0,0
418,Nate Jones,29,CHW,19.0,,19,72,64,7,12,1,0,5,0,1,6,27,.188,.257,.438,.695,.219,28,2,0,2,0,0,0
419,Taylor Jordan,26,WSN,17.0,,4,77,69,10,20,5,0,0,0,0,6,11,.290,.342,.362,.704,.339,25,1,0,1,1,0,1
420,Taylor Jungmann,25,MIL,119.1,,21,501,439,55,106,20,4,11,18,6,47,107,.241,.323,.380,.703,.291,167,9,8,2,5,1,3
421,Tommy Kahnle,25,COL,33.1,,36,155,124,22,31,9,0,3,1,0,28,39,.250,.383,.395,.778,.333,49,4,0,1,2,1,2
422,Nate Karns,27,TBR,147.0,,27,621,553,62,132,21,2,19,17,5,56,145,.239,.312,.387,.699,.288,214,8,5,3,4,1,5
423,Scott Kazmir*,31,TOT,183.0,,31,763,684,77,162,28,3,20,9,0,59,155,.237,.303,.374,.678,.276,256,17,9,5,6,0,10
424,Scott Kazmir*,31,OAK,109.2,,18,440,395,35,84,16,2,7,6,0,35,101,.213,.279,.316,.596,.265,125,13,3,3,4,0,6
425,Scott Kazmir*,31,HOU,73.1,,13,323,289,42,78,12,1,13,3,0,24,54,.270,.336,.453,.790,.290,131,4,6,2,2,0,4
Rk,Name,Age,Tm,IP,PAu,G,PA,AB,R,H,2B,3B,HR,SB,CS,BB,SO,BA,OBP,SLG,OPS,BAbip,TB,GDP,HBP,SH,SF,IBB,ROE
426,Keone Kela,22,TEX,60.1,,68,243,224,18,52,9,0,4,9,1,18,68,.232,.289,.326,.615,.316,73,8,0,1,0,0,3
427,Shawn Kelley,31,SDP,51.1,,53,205,186,18,41,3,2,4,1,3,15,63,.220,.273,.323,.596,.301,60,1,0,0,4,4,1
428,Casey Kelly,25,SDP,11.1,,3,56,52,13,19,4,0,1,0,0,3,7,.365,.411,.500,.911,.409,26,1,1,0,0,0,1
429,Joe Kelly,27,BOS,134.1,,25,587,526,76,145,25,5,15,7,3,49,110,.276,.341,.428,.769,.320,225,12,6,0,5,0,5
430,Ryan Kelly,27,ATL,16.2,,17,74,67,14,21,3,0,5,1,0,6,10,.313,.370,.582,.952,.308,39,3,0,1,0,0,0
431,Kyle Kendrick,30,COL,142.1,,27,629,570,102,172,35,8,33,7,6,45,80,.302,.359,.565,.924,.303,322,13,7,5,2,2,3
432,Ian Kennedy,30,SDP,168.1,,30,713,644,95,166,39,11,31,10,5,52,174,.258,.319,.497,.816,.306,320,10,7,8,2,4,5
433,Logan Kensing,32,SEA,15.1,,19,64,56,10,12,3,0,2,0,0,7,13,.214,.297,.375,.672,.238,21,1,0,0,1,0,0
434,Clayton Kershaw*,27,LAD,232.2,,33,890,839,62,163,26,2,15,7,9,42,301,.194,.237,.284,.521,.283,238,8,5,4,0,1,5
435,Dallas Keuchel*,27,HOU,232.0,,33,911,854,68,185,28,2,17,5,0,51,216,.217,.262,.314,.575,.269,268,21,2,1,3,0,9
436,Craig Kimbrel,27,SDP,59.1,,61,239,216,19,40,6,1,6,8,1,22,87,.185,.264,.306,.569,.276,66,4,1,0,0,1,3
437,Brandon Kintzler,30,MIL,7.0,,7,36,31,6,12,2,0,1,0,0,5,7,.387,.472,.548,1.021,.478,17,2,0,0,0,0,0
438,Phil Klein,26,TEX,17.1,,11,86,76,15,23,4,0,4,4,0,10,12,.303,.384,.513,.897,.317,39,1,0,0,0,0,3
439,Corey Kluber,29,CLE,222.0,,32,886,819,92,189,45,2,22,16,7,45,245,.231,.279,.371,.650,.300,304,18,11,7,4,3,3
440,Corey Knebel,23,MIL,50.1,,48,209,190,18,44,14,1,8,3,1,17,58,.232,.301,.442,.744,.290,84,3,2,0,0,1,0
441,Guido Knudson,25,DET,5.0,,4,31,28,10,13,2,1,5,0,0,3,6,.464,.516,1.143,1.659,.471,32,0,0,0,0,1,0
442,Tom Koehler,29,MIA,187.1,,32,800,706,96,180,36,3,22,8,4,77,137,.255,.331,.408,.739,.286,288,24,6,6,5,3,9
443,Michael Kohn,29,ATL,4.2,,6,19,13,0,0,0,0,0,0,0,6,4,.000,.316,.000,.316,.000,0,1,0,0,0,0,0
444,George Kontos,30,SFG,73.1,,73,284,268,20,57,8,1,9,7,2,12,44,.213,.244,.351,.595,.220,94,5,0,1,3,3,3
445,Ian Krol*,24,DET,28.0,,33,129,108,19,31,4,1,4,0,0,17,26,.287,.394,.454,.847,.346,49,5,2,2,0,1,0
446,John Lackey,36,STL,218.0,,33,896,824,71,211,32,2,21,9,3,53,175,.256,.303,.376,.679,.301,310,29,4,11,4,5,10
447,Aaron Laffey*,30,COL,7.1,,3,33,27,3,8,1,0,1,0,1,3,3,.296,.387,.444,.832,.304,12,0,1,2,0,1,0
448,Bobby LaFromboise*,29,PIT,8.0,,11,29,28,1,5,2,0,1,1,0,1,8,.179,.207,.357,.564,.211,10,1,0,0,0,0,0
449,John Lamb*,24,CIN,49.2,,10,220,196,32,58,14,0,8,3,1,19,58,.296,.362,.490,.852,.382,96,5,2,2,1,0,0
450,Adam LaRoche*,35,CHW,1.0,,1,3,3,0,0,0,0,0,0,0,0,1,.000,.000,.000,.000,.000,0,0,0,0,0,0,0
Rk,Name,Age,Tm,IP,PAu,G,PA,AB,R,H,2B,3B,HR,SB,CS,BB,SO,BA,OBP,SLG,OPS,BAbip,TB,GDP,HBP,SH,SF,IBB,ROE
451,Mat Latos,27,TOT,116.1,,24,494,450,67,120,32,1,13,16,5,32,100,.267,.314,.429,.742,.313,193,5,1,6,5,1,2
452,Mat Latos,27,TOT,112.2,,22,478,435,65,116,32,1,11,15,5,31,97,.267,.314,.421,.734,.316,183,5,1,6,5,1,2
453,Mat Latos,27,MIA,88.1,,16,372,339,46,85,22,1,8,9,3,25,79,.251,.302,.392,.694,.302,133,3,1,4,3,0,1
454,Mat Latos,27,LAD,24.1,,6,106,96,19,31,10,0,3,6,2,6,18,.323,.356,.521,.877,.364,50,2,0,2,2,1,1
455,Mat Latos,27,LAA,3.2,,2,16,15,2,4,0,0,2,1,0,1,3,.267,.313,.667,.979,.200,10,0,0,0,0,0,0
456,Tommy Layne*,30,BOS,47.2,,64,207,175,22,41,10,0,3,4,2,27,45,.234,.341,.343,.684,.297,60,3,2,2,1,2,1
457,Raudel Lazo*,26,MIA,5.2,,7,24,21,2,5,1,1,1,0,0,2,5,.238,.292,.524,.815,.250,11,0,0,0,1,0,0
458,Mike Leake,27,TOT,192.0,,30,778,717,80,174,36,3,22,3,3,49,119,.243,.293,.393,.686,.263,282,22,3,6,3,5,3
459,Mike Leake,27,CIN,136.2,,21,556,512,55,123,28,0,14,2,2,34,90,.240,.289,.377,.666,.266,193,13,2,6,2,4,3
460,Mike Leake,27,SFG,55.1,,9,222,205,25,51,8,3,8,1,1,15,29,.249,.302,.434,.736,.254,89,9,1,0,1,1,0
461,Jack Leathersich*,24,NYM,11.2,,17,52,44,3,12,3,0,0,4,1,7,14,.273,.385,.341,.726,.400,15,1,1,0,0,0,1
462,Sam LeCure,31,CIN,20.0,,19,83,74,9,16,5,1,2,2,1,7,15,.216,.280,.392,.672,.241,29,1,0,1,1,0,2
463,C.C. Lee,28,CLE,1.2,,2,10,9,1,4,1,0,0,0,0,1,3,.444,.500,.556,1.056,.667,5,0,0,0,0,0,0
464,Zach Lee,23,LAD,4.2,,1,24,23,7,11,3,0,1,0,0,1,3,.478,.500,.739,1.239,.526,17,1,0,0,0,0,0
465,Arnold Leon,26,OAK,26.2,,19,115,103,14,30,6,0,3,2,0,9,19,.291,.342,.437,.779,.325,45,3,0,1,2,3,1
466,Dominic Leone,23,TOT,15.0,,13,74,63,15,19,6,0,2,0,0,9,9,.302,.392,.492,.884,.321,31,0,1,0,1,2,0
467,Dominic Leone,23,SEA,11.1,,10,54,45,9,11,4,0,1,0,0,9,7,.244,.370,.400,.770,.270,18,0,0,0,0,2,0
468,Dominic Leone,23,ARI,3.2,,3,20,18,6,8,2,0,1,0,0,0,2,.444,.450,.722,1.172,.438,13,0,1,0,1,0,0
469,Jon Lester*,31,CHC,205.0,,32,828,764,83,183,42,6,16,44,11,47,207,.240,.288,.373,.661,.306,285,13,7,5,4,0,7
470,Colby Lewis,35,TEX,204.2,,33,861,793,114,211,44,4,26,12,3,42,142,.266,.308,.430,.738,.291,341,14,11,2,11,2,7
471,Adam Liberatore*,28,LAD,29.2,,39,122,112,14,26,6,1,3,3,0,9,29,.232,.287,.384,.671,.284,43,2,0,0,1,4,0
472,Tim Lincecum,31,SFG,76.1,,15,333,289,37,75,15,1,7,13,1,38,60,.260,.345,.391,.736,.304,113,8,1,3,2,2,3
473,Jacob Lindgren*,22,NYY,7.0,,7,29,24,4,5,1,0,3,0,0,4,8,.208,.310,.625,.935,.143,15,1,0,0,1,0,1
474,Francisco Liriano*,31,PIT,186.2,,31,773,695,75,155,25,3,15,11,2,70,205,.223,.298,.332,.631,.294,231,22,5,2,1,1,11
475,Radhames Liz,31,PIT,23.1,,14,106,91,11,26,3,0,4,1,1,12,27,.286,.387,.451,.837,.367,41,4,3,0,0,2,0
Rk,Name,Age,Tm,IP,PAu,G,PA,AB,R,H,2B,3B,HR,SB,CS,BB,SO,BA,OBP,SLG,OPS,BAbip,TB,GDP,HBP,SH,SF,IBB,ROE
476,Kyle Lobstein*,25,DET,63.2,,13,280,256,43,78,15,3,7,3,2,23,32,.305,.361,.469,.829,.326,120,8,0,0,1,1,1
477,Jeff Locke*,27,PIT,168.1,,30,736,654,95,179,32,2,15,14,7,60,129,.274,.337,.398,.735,.317,260,13,7,7,8,4,9
478,Adam Loewen*,31,PHI,19.1,,20,93,71,15,20,2,1,3,2,2,17,22,.282,.435,.465,.900,.362,33,3,3,1,1,1,0
479,Boone Logan*,30,COL,35.1,,60,168,143,17,40,6,0,3,0,0,17,44,.280,.371,.385,.756,.378,55,1,5,1,2,1,1
480,Kyle Lohse,36,MIL,152.1,,37,665,607,99,180,34,2,29,6,6,43,108,.297,.345,.502,.847,.319,305,12,4,7,4,3,4
481,Javier Lopez*,37,SFG,39.1,,77,147,131,8,19,5,1,1,0,0,16,26,.145,.238,.221,.459,.173,29,6,0,0,0,3,1
482,Jorge Lopez,22,MIL,10.0,,2,46,40,6,14,1,1,0,1,1,5,10,.350,.435,.425,.860,.467,17,4,1,0,0,0,1
483,Michael Lorenzen,23,CIN,113.1,,27,515,449,70,131,35,3,18,8,5,57,83,.292,.378,.503,.882,.324,226,7,6,2,1,6,1
484,Aaron Loup*,27,TOR,42.1,,60,186,171,24,47,8,2,6,1,0,7,46,.275,.326,.450,.776,.345,77,3,6,2,0,0,2
485,Mark Lowe,32,TOT,55.0,,57,215,199,15,46,9,0,4,1,3,12,61,.231,.276,.337,.612,.309,67,5,1,0,2,1,0
486,Mark Lowe,32,SEA,36.0,,34,144,132,6,31,6,0,1,1,2,11,47,.235,.299,.303,.602,.357,40,3,1,0,0,1,0
487,Mark Lowe,32,TOR,19.0,,23,71,67,9,15,3,0,3,0,1,1,14,.224,.229,.403,.632,.231,27,2,0,0,2,0,0
488,Lucas Luetge*,28,SEA,2.1,,1,8,6,0,0,0,0,0,0,1,2,2,.000,.250,.000,.250,.000,0,0,0,0,0,0,0
489,Jordan Lyles,24,COL,49.0,,10,212,186,32,54,12,0,2,6,2,19,30,.290,.364,.387,.751,.335,72,10,3,3,1,1,2
490,Lance Lynn,28,STL,175.1,,31,751,667,66,172,33,4,13,4,1,68,167,.258,.330,.378,.708,.325,252,16,5,9,2,5,3
491,Tyler Lyons*,27,STL,60.0,,17,255,234,29,59,9,1,12,4,0,15,60,.252,.298,.453,.751,.287,106,4,1,3,2,0,5
492,Jean Machi,33,TOT,58.0,,59,257,229,35,59,16,2,8,3,1,22,42,.258,.322,.450,.771,.280,103,3,1,2,3,0,3
493,Jean Machi,33,SFG,35.0,,33,159,140,21,38,10,2,3,2,1,14,22,.271,.338,.436,.773,.299,61,2,1,2,2,0,2
494,Jean Machi,33,BOS,23.0,,26,98,89,14,21,6,0,5,1,0,8,20,.236,.296,.472,.768,.246,42,1,0,0,1,0,1
495,Ryan Madson,34,KCR,63.1,,68,248,229,17,47,11,0,5,1,1,14,58,.205,.254,.319,.573,.249,73,4,2,0,3,1,2
496,Seth Maness,26,STL,63.1,,76,270,251,35,77,14,0,7,1,0,13,46,.307,.342,.446,.788,.352,112,11,1,4,1,4,3
497,Jeff Manship,30,CLE,39.1,,32,144,129,4,20,6,0,1,0,0,10,33,.155,.215,.225,.440,.192,29,5,1,0,4,0,1
498,Shaun Marcum,33,CLE,35.0,,7,142,130,21,32,6,1,9,0,2,11,30,.246,.310,.515,.825,.253,67,2,1,0,0,3,0
499,Sugar Ray Marimon,26,ATL,25.2,,16,117,100,21,30,7,4,3,2,1,14,14,.300,.379,.540,.919,.318,54,5,0,1,2,0,2
500,Michael Mariot,26,KCR,3.0,,2,12,10,1,2,0,0,1,0,0,2,1,.200,.333,.500,.833,.125,5,0,0,0,0,0,0
Rk,Name,Age,Tm,IP,PAu,G,PA,AB,R,H,2B,3B,HR,SB,CS,BB,SO,BA,OBP,SLG,OPS,BAbip,TB,GDP,HBP,SH,SF,IBB,ROE
501,Matt Marksberry*,24,ATL,23.1,,31,108,89,16,22,7,1,2,2,1,16,21,.247,.361,.416,.777,.294,37,2,1,0,2,2,2
502,Jason Marquis,36,CIN,47.1,,9,216,194,37,64,12,0,10,6,3,14,37,.330,.371,.546,.917,.358,106,3,1,3,4,2,2
503,Evan Marshall,25,ARI,13.1,,13,61,56,9,20,4,0,3,0,0,5,7,.357,.410,.589,.999,.370,33,3,0,0,0,1,0
504,Chris Martin,29,NYY,20.2,,24,99,92,13,28,5,0,2,2,0,6,18,.304,.354,.424,.777,.361,39,0,1,0,0,1,2
505,Cody Martin,25,TOT,30.2,,25,141,123,27,40,6,2,8,1,0,12,27,.325,.388,.602,.990,.356,74,1,2,2,2,0,0
506,Cody Martin,25,ATL,21.2,,21,92,81,13,24,3,1,4,1,0,7,24,.296,.356,.506,.862,.370,41,1,1,2,1,0,0
507,Cody Martin,25,OAK,9.0,,4,49,42,14,16,3,1,4,0,0,5,3,.381,.449,.786,1.235,.333,33,0,1,0,1,0,0
508,Rafael Martin,31,WSN,12.1,,13,56,49,9,12,2,0,4,1,0,5,25,.245,.321,.531,.852,.381,26,0,1,0,1,0,1
509,Carlos Martinez,23,STL,179.2,,31,755,671,65,168,31,4,13,2,5,63,184,.250,.320,.367,.687,.324,246,19,8,9,4,5,6
510,Nick Martinez,24,TEX,125.0,,24,558,493,66,135,27,6,16,7,2,46,77,.274,.348,.450,.799,.294,222,15,13,1,5,2,11
511,Nick Masset,33,TOT,25.0,,28,113,100,15,30,6,0,3,2,1,9,18,.300,.363,.450,.813,.333,45,4,2,0,2,3,1
512,Nick Masset,33,MIA,9.2,,8,41,37,3,12,1,0,0,0,1,1,6,.324,.341,.351,.693,.364,13,2,1,0,2,0,0
513,Nick Masset,33,ATL,15.1,,20,72,63,12,18,5,0,3,2,0,8,12,.286,.375,.508,.883,.313,32,2,1,0,0,3,1
514,Justin Masterson,30,BOS,59.1,,18,273,235,38,68,19,3,7,2,5,27,49,.289,.385,.485,.870,.339,114,5,10,0,1,0,0
515,Marcos Mateo,31,SDP,27.0,,26,113,99,16,22,2,2,5,2,0,9,33,.222,.304,.434,.738,.274,43,2,3,1,1,1,0
516,Ryan Mattheus,31,TOT,56.0,,58,253,226,31,67,14,0,3,10,0,18,37,.296,.349,.398,.748,.339,90,6,2,4,3,2,6
517,Ryan Mattheus,31,LAA,1.0,,1,4,3,0,0,0,0,0,0,0,1,2,.000,.250,.000,.250,.000,0,0,0,0,0,0,0
518,Ryan Mattheus,31,CIN,55.0,,57,249,223,31,67,14,0,3,10,0,17,35,.300,.351,.404,.755,.340,90,6,2,4,3,2,6
519,Brian Matusz*,28,BAL,49.0,,58,206,180,18,38,8,0,5,0,1,20,56,.211,.299,.339,.638,.275,61,4,3,2,1,3,4
520,Steven Matz*,24,NYM,35.2,,6,149,136,9,34,1,0,4,3,0,10,34,.250,.304,.346,.650,.303,47,4,1,1,1,0,1
521,Tyler Matzek*,24,COL,22.0,,5,102,78,10,21,2,1,2,6,1,19,15,.269,.426,.397,.823,.306,31,5,3,1,1,0,1
522,Brandon Maurer,24,SDP,51.0,,53,206,187,19,39,8,0,3,4,2,15,39,.209,.268,.299,.568,.245,56,3,1,1,2,1,3
523,Trevor May,25,MIN,114.2,,48,492,455,53,127,24,6,11,10,2,26,110,.279,.321,.431,.752,.343,196,5,4,3,4,2,3
524,Vin Mazzaro,28,MIA,12.0,,10,55,47,6,15,5,1,0,1,0,6,6,.319,.382,.468,.850,.349,22,0,0,0,2,1,0
525,Cory Mazzoni,25,SDP,8.2,,8,53,47,22,23,8,0,2,1,0,5,8,.489,.528,.787,1.316,.553,37,1,0,0,1,0,0
Rk,Name,Age,Tm,IP,PAu,G,PA,AB,R,H,2B,3B,HR,SB,CS,BB,SO,BA,OBP,SLG,OPS,BAbip,TB,GDP,HBP,SH,SF,IBB,ROE
526,Zach McAllister,27,CLE,69.0,,61,299,271,28,70,8,2,7,4,3,23,84,.258,.322,.380,.702,.348,103,3,3,1,1,4,2
527,Brandon McCarthy,31,LAD,23.0,,4,94,90,15,24,3,0,9,1,1,4,29,.267,.298,.600,.898,.288,54,1,0,0,0,0,0
528,Lance McCullers,21,HOU,125.2,,22,520,469,49,106,26,4,10,3,1,43,129,.226,.296,.362,.659,.288,170,12,5,0,3,2,5
529,T.J. McFarland*,26,BAL,40.1,,30,188,170,26,52,9,1,4,0,0,18,26,.306,.372,.441,.814,.343,75,5,0,0,0,5,1
530,Jake McGee*,28,TBR,37.1,,39,147,137,11,27,5,0,3,0,0,8,48,.197,.245,.299,.544,.276,41,1,1,0,1,1,1
531,Scott McGough,25,MIA,6.2,,6,35,31,7,12,3,0,0,1,0,4,4,.387,.457,.484,.941,.444,15,1,0,0,0,0,0
532,Dustin McGowan,33,PHI,23.1,,14,118,98,21,29,2,0,7,1,1,20,21,.296,.415,.531,.946,.314,52,3,0,0,0,1,4
533,Collin McHugh,28,HOU,203.2,,32,859,788,89,207,39,2,19,10,4,53,171,.263,.315,.390,.705,.312,307,12,9,5,4,2,3
534,Andrew McKirahan*,25,ATL,27.1,,27,129,116,18,40,5,0,2,2,0,10,22,.345,.403,.440,.843,.409,51,4,2,0,1,2,0
535,Yoervis Medina,26,TOT,21.0,,17,97,86,12,23,7,1,2,2,1,11,16,.267,.351,.442,.792,.309,38,1,0,0,0,0,2
536,Yoervis Medina,26,SEA,12.0,,12,54,47,5,11,6,0,1,2,1,7,9,.234,.333,.426,.759,.270,20,1,0,0,0,0,2
537,Yoervis Medina,26,CHC,9.0,,5,43,39,7,12,1,1,1,0,0,4,7,.308,.372,.462,.834,.355,18,0,0,0,0,0,0
538,Kris Medlen,29,KCR,58.1,,15,243,222,30,56,9,2,6,3,1,18,40,.252,.313,.392,.705,.282,87,4,2,0,1,0,2
539,Jenrry Mejia,25,NYM,7.1,,7,27,24,0,4,2,0,0,1,0,2,7,.167,.231,.250,.481,.235,6,1,0,1,0,1,0
540,Mark Melancon,30,PIT,76.2,,78,293,275,22,57,9,1,4,0,2,14,62,.207,.250,.291,.541,.252,80,10,2,1,1,2,5
541,Roman Mendez,24,TOT,13.2,,15,58,49,8,14,4,0,2,2,1,8,10,.286,.397,.490,.886,.324,24,3,1,0,0,1,0
542,Roman Mendez,24,TEX,11.2,,12,49,41,7,11,3,0,1,2,1,7,9,.268,.388,.415,.802,.323,17,2,1,0,0,1,0
543,Roman Mendez,24,BOS,2.0,,3,9,8,1,3,1,0,1,0,0,1,1,.375,.444,.875,1.319,.333,7,1,0,0,0,0,0
544,Alex Meyer,25,MIN,2.2,,2,15,11,5,4,0,0,2,2,0,3,3,.364,.500,.909,1.409,.333,10,0,0,1,0,0,0
545,Wade Miley*,28,BOS,193.2,,32,831,758,98,201,51,6,17,1,3,64,147,.265,.325,.416,.740,.309,315,13,4,3,2,0,7
546,Andrew Miller*,30,NYY,61.2,,60,246,218,16,33,4,0,5,1,1,20,100,.151,.237,.239,.475,.243,52,1,5,1,2,1,6
547,Justin Miller,28,COL,33.1,,34,129,118,15,21,7,1,2,3,0,11,38,.178,.248,.305,.553,.244,36,1,0,0,0,0,1
548,Shelby Miller,24,ATL,205.1,,33,860,769,82,183,41,5,13,18,6,73,171,.238,.308,.355,.663,.289,273,17,6,8,4,8,6
549,Brad Mills*,30,OAK,5.0,,1,23,21,3,7,1,0,1,0,0,1,1,.333,.391,.524,.915,.316,11,1,1,0,0,0,0
550,Tommy Milone*,28,MIN,128.2,,24,543,493,64,128,26,2,17,8,3,36,91,.260,.307,.424,.731,.283,209,7,1,6,7,1,7
Rk,Name,Age,Tm,IP,PAu,G,PA,AB,R,H,2B,3B,HR,SB,CS,BB,SO,BA,OBP,SLG,OPS,BAbip,TB,GDP,HBP,SH,SF,IBB,ROE
551,Bryan Mitchell,24,NYY,29.2,,20,143,125,24,37,5,0,4,2,0,16,29,.296,.385,.432,.817,.359,54,4,2,0,0,1,2
552,Frankie Montas,22,CHW,15.0,,7,66,57,8,14,3,0,1,0,1,9,20,.246,.348,.351,.699,.361,20,1,0,0,0,1,0
553,Rafael Montero,24,NYM,10.0,,5,46,40,6,9,3,1,0,0,0,5,13,.225,.311,.350,.661,.333,14,0,0,1,0,3,1
554,Mike Montgomery*,25,SEA,90.0,,16,395,353,49,92,20,1,11,1,1,37,64,.261,.338,.416,.754,.291,147,12,4,0,0,1,6
555,Matt Moore*,26,TBR,63.0,,12,278,248,40,74,15,1,9,2,2,23,46,.298,.363,.476,.839,.332,118,8,4,0,3,1,1
556,Tyler Moore,28,WSN,0.2,,1,3,2,0,0,0,0,0,0,0,0,0,.000,.333,.000,.333,.000,0,0,1,0,0,0,0
557,Franklin Morales*,29,KCR,62.1,,67,258,236,24,58,16,3,4,0,0,14,41,.246,.297,.390,.687,.280,92,6,4,2,2,0,2
558,Diego Moreno,27,NYY,10.1,,4,45,40,6,9,3,0,1,1,0,3,8,.225,.311,.375,.686,.258,15,0,2,0,0,0,0
559,Adam Morgan*,25,PHI,84.1,,15,352,327,45,88,22,0,14,4,1,17,49,.269,.311,.465,.775,.277,152,6,4,1,3,0,3
560,Mike Morin,24,LAA,35.1,,47,151,136,28,36,8,1,3,3,1,9,41,.265,.315,.404,.720,.351,55,1,2,2,2,2,1
561,Akeel Morris,22,NYM,0.2,,1,8,5,5,3,0,0,1,0,0,3,0,.600,.750,1.200,1.950,.500,6,0,0,0,0,0,0
562,Bryan Morris,28,MIA,63.0,,67,277,244,26,67,10,2,3,3,0,26,47,.275,.352,.369,.721,.330,90,11,3,4,0,0,3
563,Brandon Morrow,30,SDP,33.0,,5,126,117,10,29,4,2,3,1,2,7,23,.248,.288,.393,.681,.283,46,5,0,1,1,0,0
564,Charlie Morton,31,PIT,129.0,,23,563,506,77,137,33,4,13,13,0,41,96,.271,.340,.429,.769,.312,217,19,12,4,0,6,9
565,Jon Moscot,23,CIN,11.2,,3,50,44,6,11,1,0,2,2,0,5,6,.250,.320,.409,.729,.243,18,0,0,0,1,0,0
566,Jason Motte,33,CHC,48.1,,57,206,188,21,48,9,2,4,1,1,11,34,.255,.300,.388,.689,.289,73,0,2,3,2,5,1
567,Peter Moylan,36,ATL,10.1,,22,44,44,5,12,1,0,1,1,0,0,8,.273,.273,.364,.636,.314,16,2,0,0,0,0,2
568,Edward Mujica,31,TOT,47.1,,49,194,183,28,52,5,0,10,7,1,7,30,.284,.313,.475,.788,.292,87,10,1,2,1,2,3
569,Edward Mujica,31,BOS,13.2,,11,56,51,7,15,1,0,3,1,0,3,8,.294,.345,.490,.836,.300,25,4,1,1,0,0,0
570,Edward Mujica,31,OAK,33.2,,38,138,132,21,37,4,0,7,6,1,4,22,.280,.299,.470,.769,.288,62,6,0,1,1,2,3
571,Toru Murata,30,CLE,3.1,,1,16,15,5,4,1,0,2,0,0,1,2,.267,.313,.733,1.046,.182,11,0,0,0,0,0,1
572,David Murphy*,33,CLE,0.1,,1,6,4,5,2,0,0,1,0,0,1,0,.500,.667,1.250,1.917,.333,5,0,1,0,0,0,1
573,Colton Murray,25,PHI,7.2,,8,37,35,5,11,2,0,2,1,0,2,9,.314,.351,.543,.894,.375,19,0,0,0,0,0,1
574,Chris Narveson*,33,MIA,30.1,,15,121,112,15,24,4,0,7,1,1,9,32,.214,.273,.438,.710,.233,49,2,0,0,0,0,0
575,Joe Nathan,40,DET,0.1,,1,1,1,0,0,0,0,0,0,0,0,1,.000,.000,.000,.000,,0,0,0,0,0,0,0
Rk,Name,Age,Tm,IP,PAu,G,PA,AB,R,H,2B,3B,HR,SB,CS,BB,SO,BA,OBP,SLG,OPS,BAbip,TB,GDP,HBP,SH,SF,IBB,ROE
576,Jimmy Nelson,26,MIL,177.1,,30,752,663,89,163,32,2,18,24,6,65,148,.246,.322,.382,.704,.288,253,18,13,4,7,4,9
577,Hector Neris,26,PHI,40.1,,32,170,155,19,38,10,0,8,1,1,10,41,.245,.308,.465,.772,.283,72,3,4,1,0,0,2
578,Angel Nesbitt,24,DET,21.2,,24,98,83,14,22,4,0,2,0,1,8,14,.265,.354,.386,.740,.294,32,0,4,2,1,2,0
579,Pat Neshek,34,HOU,54.2,,66,223,204,25,49,11,1,8,0,1,12,51,.240,.288,.422,.709,.281,86,3,2,4,1,1,2
580,Juan Nicasio,28,LAD,58.1,,53,260,224,25,59,14,5,1,9,0,32,65,.263,.358,.384,.742,.367,86,5,1,3,0,6,1
581,Justin Nicolino*,23,MIA,74.0,,12,301,270,33,72,14,4,8,1,1,20,23,.267,.321,.437,.758,.264,118,12,3,5,3,2,2
582,Jon Niese*,28,NYM,176.2,,33,770,686,93,192,33,3,20,6,5,55,113,.280,.340,.424,.764,.309,291,17,9,16,4,2,13
583,Hector Noesi,28,CHW,32.2,,10,154,136,26,41,9,1,7,1,0,17,22,.301,.383,.537,.920,.318,73,4,1,0,0,1,1
584,Aaron Nola,22,PHI,77.2,,13,318,295,31,74,8,2,11,5,3,19,68,.251,.300,.403,.703,.290,119,5,2,1,1,1,1
585,Ricky Nolasco,32,MIN,37.1,,9,173,156,31,50,14,1,3,1,2,14,35,.321,.376,.481,.856,.392,75,3,1,0,2,2,2
586,Sean Nolin*,25,OAK,29.0,,6,134,116,19,35,4,0,4,1,0,12,15,.302,.353,.440,.793,.304,51,2,0,1,5,0,4
587,Bud Norris,30,TOT,83.0,,38,377,337,68,100,29,3,15,5,3,31,71,.297,.361,.534,.895,.336,180,5,4,3,2,0,3
588,Bud Norris,30,BAL,66.1,,18,305,272,57,84,26,0,14,3,3,25,50,.309,.371,.559,.930,.333,152,5,3,3,2,0,3
589,Bud Norris,30,SDP,16.2,,20,72,65,11,16,3,3,1,2,0,6,21,.246,.319,.431,.750,.349,28,0,1,0,0,0,0
590,Daniel Norris*,22,TOT,60.0,,13,251,225,31,53,12,3,9,5,2,19,45,.236,.296,.436,.732,.251,98,3,2,1,4,0,4
591,Daniel Norris*,22,TOR,23.1,,5,103,86,11,23,7,0,3,3,2,12,18,.267,.363,.453,.816,.299,39,0,2,1,2,0,0
592,Daniel Norris*,22,DET,36.2,,8,148,139,20,30,5,3,6,2,0,7,27,.216,.250,.424,.674,.222,59,3,0,0,2,0,4
593,Ivan Nova,28,NYY,94.0,,17,413,368,54,99,25,2,13,10,3,33,63,.269,.339,.454,.793,.293,167,7,7,3,2,0,3
594,Vidal Nuno*,27,TOT,89.0,,35,376,341,38,90,20,1,15,3,0,22,81,.264,.312,.460,.772,.298,157,7,5,1,7,2,1
595,Vidal Nuno*,27,ARI,14.1,,3,58,53,3,10,2,0,1,0,0,5,19,.189,.259,.283,.542,.273,15,0,0,0,0,1,0
596,Vidal Nuno*,27,SEA,74.2,,32,318,288,35,80,18,1,14,3,0,17,62,.278,.322,.493,.815,.301,142,7,5,1,7,1,1
597,Darren O'Day,32,BAL,65.1,,68,257,237,13,47,5,0,5,3,2,14,82,.198,.257,.283,.540,.278,67,5,5,0,1,1,6
598,Eric O'Flaherty*,30,TOT,30.0,,41,159,137,30,47,13,0,2,2,0,18,21,.343,.427,.482,.909,.395,66,2,2,2,0,2,3
599,Eric O'Flaherty*,30,OAK,21.1,,25,108,93,17,29,8,0,1,1,0,13,15,.312,.396,.430,.826,.364,40,2,0,2,0,1,3
600,Eric O'Flaherty*,30,NYM,8.2,,16,51,44,13,18,5,0,1,1,0,5,6,.409,.490,.591,1.081,.459,26,0,2,0,0,1,0
Rk,Name,Age,Tm,IP,PAu,G,PA,AB,R,H,2B,3B,HR,SB,CS,BB,SO,BA,OBP,SLG,OPS,BAbip,TB,GDP,HBP,SH,SF,IBB,ROE
601,Ryan O'Rourke*,27,MIN,22.0,,28,97,80,15,16,2,0,3,1,0,15,24,.200,.323,.338,.660,.241,27,0,0,1,1,2,0
602,Sean O'Sullivan,27,PHI,71.0,,13,328,292,49,94,23,1,16,5,2,20,35,.322,.372,.572,.943,.317,167,7,6,4,5,5,1
603,Scott Oberg,25,COL,58.1,,64,259,218,35,58,14,0,10,2,2,31,44,.266,.371,.468,.839,.291,102,8,6,3,1,2,0
604,Brett Oberholtzer*,25,HOU,38.1,,8,171,150,21,44,9,1,4,4,2,17,27,.293,.365,.447,.811,.331,67,5,1,1,2,0,3
605,Jake Odorizzi,25,TBR,169.1,,28,700,644,65,149,36,8,18,10,3,46,150,.231,.284,.396,.680,.273,255,8,3,4,3,0,10
606,Alexi Ogando,31,BOS,65.1,,64,277,244,29,59,9,3,12,3,3,28,53,.242,.325,.451,.776,.260,110,5,3,0,2,2,2
607,Nefi Ogando,26,PHI,4.0,,4,21,19,5,7,0,1,0,0,0,2,2,.368,.429,.474,.902,.412,9,0,0,0,0,0,0
608,Ross Ohlendorf,32,TEX,19.1,,21,85,77,8,21,1,1,4,3,0,7,19,.273,.329,.468,.797,.309,36,0,0,0,1,2,0
609,Edgar Olmos*,25,SEA,14.0,,6,67,57,8,16,4,0,1,2,0,8,4,.281,.373,.404,.777,.283,23,3,1,0,1,1,3
610,Tyler Olson*,25,SEA,13.1,,11,65,52,8,18,5,1,2,0,0,10,8,.346,.460,.596,1.056,.381,31,3,1,2,0,7,0
611,Josh Osich*,26,SFG,28.2,,35,120,110,12,24,4,0,4,0,0,8,27,.218,.269,.364,.633,.250,40,1,0,1,1,0,3
612,Roberto Osuna,20,TOR,69.2,,68,271,251,21,48,13,3,7,2,2,16,75,.191,.241,.351,.591,.240,88,3,1,1,2,2,2
613,Dan Otero,30,OAK,46.2,,41,204,192,35,64,15,1,7,1,2,6,28,.333,.355,.531,.886,.356,102,5,2,1,3,2,1
614,Adam Ottavino,29,COL,10.1,,10,35,32,0,3,0,0,0,2,1,2,13,.094,.171,.094,.265,.158,3,2,1,0,0,0,1
615,Henry Owens*,22,BOS,63.0,,11,272,243,35,62,14,0,7,5,1,24,50,.255,.327,.399,.726,.293,97,4,3,0,2,0,1
616,Jonathan Papelbon,34,TOT,63.1,,59,260,236,22,53,9,1,7,4,0,12,56,.225,.280,.360,.640,.263,85,6,7,2,2,2,5
617,Jonathan Papelbon,34,PHI,39.2,,37,161,147,9,31,6,1,3,1,0,8,40,.211,.270,.327,.597,.269,48,3,4,1,0,1,2
618,Jonathan Papelbon,34,WSN,23.2,,22,99,89,13,22,3,0,4,3,0,4,16,.247,.296,.416,.712,.254,37,3,3,1,2,1,3
619,Bobby Parnell,30,NYM,24.0,,30,112,93,20,30,4,0,0,1,1,17,13,.323,.423,.366,.789,.370,34,7,0,1,1,1,3
620,Manny Parra*,32,CIN,32.1,,40,130,121,15,32,6,1,2,2,0,6,23,.264,.295,.380,.675,.306,46,3,0,1,2,1,1
621,Spencer Patton,27,TEX,24.0,,27,109,92,24,24,7,0,5,0,1,12,28,.261,.370,.500,.870,.322,46,2,4,1,0,0,0
622,James Paxton*,26,SEA,67.0,,13,297,265,34,67,10,0,8,4,0,29,56,.253,.323,.381,.704,.289,101,4,0,0,3,1,6
623,James Pazos*,24,NYY,5.0,,11,21,17,0,3,0,0,0,0,0,3,3,.176,.300,.176,.476,.214,3,0,0,1,0,0,0
624,Brad Peacock,27,HOU,5.0,,1,22,18,3,5,3,0,0,0,0,2,3,.278,.364,.444,.808,.313,8,1,1,0,1,0,0
625,Jake Peavy,34,SFG,110.2,,19,448,415,45,99,19,6,12,9,1,25,78,.239,.284,.400,.684,.267,166,7,2,5,1,1,1
Rk,Name,Age,Tm,IP,PAu,G,PA,AB,R,H,2B,3B,HR,SB,CS,BB,SO,BA,OBP,SLG,OPS,BAbip,TB,GDP,HBP,SH,SF,IBB,ROE
626,Mike Pelfrey,31,MIN,164.2,,30,714,651,86,198,36,1,11,8,2,45,86,.304,.359,.413,.772,.336,269,29,12,3,3,1,5
627,Ariel Pena,26,MIL,27.1,,6,120,101,14,24,10,1,2,3,1,14,27,.238,.339,.416,.755,.301,42,2,2,2,1,2,1
628,Joel Peralta,39,LAD,29.0,,33,121,113,14,28,4,0,6,2,0,8,24,.248,.298,.442,.740,.265,50,1,0,0,0,1,0
629,Wily Peralta,26,MIL,108.2,,20,478,430,60,130,30,3,14,5,4,37,60,.302,.361,.484,.844,.323,208,13,4,4,3,2,5
630,Martin Perez*,24,TEX,78.2,,14,339,309,45,88,14,5,3,2,0,24,48,.285,.337,.392,.729,.326,121,12,2,0,3,1,3
631,Oliver Perez*,33,TOT,41.0,,70,183,163,24,39,6,1,4,2,0,15,51,.239,.319,.362,.681,.324,59,2,4,1,0,2,4
632,Oliver Perez*,33,ARI,29.0,,48,128,112,12,25,4,0,2,2,0,11,37,.223,.315,.313,.627,.315,35,2,4,1,0,1,3
633,Oliver Perez*,33,HOU,12.0,,22,55,51,12,14,2,1,2,0,0,4,14,.275,.327,.471,.798,.343,24,0,0,0,0,1,1
634,Williams Perez,24,ATL,116.2,,23,514,446,66,130,20,3,13,3,0,51,73,.291,.372,.437,.809,.321,195,21,9,3,5,2,1
635,Glen Perkins*,32,MIN,57.0,,60,238,227,21,58,9,0,9,1,0,10,54,.256,.287,.414,.701,.299,94,1,0,1,0,2,0
636,Vinnie Pestano,30,LAA,11.2,,19,60,49,9,15,3,0,3,1,0,8,13,.306,.400,.551,.951,.343,27,0,1,0,2,2,1
637,Yusmeiro Petit,30,SFG,76.0,,42,316,293,32,75,15,5,11,4,0,15,59,.256,.289,.454,.743,.279,133,2,1,1,6,2,1
638,Jake Petricka,27,CHW,52.0,,62,220,197,21,56,11,0,2,2,0,18,33,.284,.346,.371,.716,.331,73,12,1,3,1,4,0
639,David Phelps,28,MIA,112.0,,23,482,438,59,119,19,3,11,5,2,33,77,.272,.325,.404,.729,.304,177,10,4,2,5,0,6
640,Stolmy Pimentel,25,TEX,11.1,,8,46,41,5,11,0,0,1,2,1,3,7,.268,.311,.341,.653,.294,14,0,0,1,1,0,0
641,Branden Pinder,26,NYY,27.2,,25,122,107,9,28,6,3,4,2,0,14,25,.262,.344,.486,.830,.304,52,2,0,0,1,1,0
642,Michael Pineda,26,NYY,160.2,,27,668,634,83,176,37,5,21,4,9,21,156,.278,.301,.451,.752,.335,286,9,3,4,6,0,4
643,Yohan Pino,31,KCR,19.1,,7,82,79,8,23,4,0,2,1,1,3,13,.291,.317,.418,.735,.328,33,2,0,0,0,0,1
644,Drew Pomeranz*,26,OAK,86.0,,53,357,314,44,71,14,1,8,9,2,31,82,.226,.297,.354,.651,.275,111,8,3,4,5,1,6
645,Rick Porcello,26,BOS,172.0,,28,737,682,103,196,35,2,25,18,5,38,149,.287,.332,.455,.787,.333,310,21,10,2,5,0,9
646,Ryan Pressly,26,MIN,27.2,,27,119,105,9,27,6,0,0,1,2,12,22,.257,.331,.314,.645,.321,33,2,0,1,1,1,1
647,David Price*,29,TOT,220.1,,32,888,826,70,190,40,4,17,0,2,47,225,.230,.271,.350,.621,.292,289,17,3,4,8,2,7
648,David Price*,29,DET,146.0,,21,592,551,50,133,26,4,13,0,2,29,138,.241,.281,.374,.654,.296,206,13,3,4,5,2,6
649,David Price*,29,TOR,74.1,,11,296,275,20,57,14,0,4,0,0,18,87,.207,.253,.302,.555,.283,83,4,0,0,3,0,1
650,Zach Putnam,27,CHW,48.2,,49,212,176,24,42,5,1,7,6,1,24,64,.239,.337,.398,.734,.321,70,3,4,4,4,5,2
Rk,Name,Age,Tm,IP,PAu,G,PA,AB,R,H,2B,3B,HR,SB,CS,BB,SO,BA,OBP,SLG,OPS,BAbip,TB,GDP,HBP,SH,SF,IBB,ROE
651,Kevin Quackenbush,26,SDP,58.1,,57,243,217,28,52,10,0,6,6,3,20,58,.240,.302,.369,.670,.293,80,1,1,1,4,3,1
652,Chad Qualls,36,HOU,49.1,,60,202,186,24,46,8,1,6,8,2,9,46,.247,.284,.398,.681,.290,74,2,2,1,4,1,1
653,Jose Quintana*,26,CHW,206.1,,32,862,802,81,218,47,7,16,11,6,44,177,.272,.315,.408,.722,.330,327,18,8,4,4,4,12
654,Ryan Raburn,34,CLE,0.2,,1,4,3,2,1,0,0,0,0,0,1,0,.333,.500,.333,.833,.333,1,0,0,0,0,0,0
655,Alexei Ramirez,33,CHW,1.0,,1,5,4,0,1,1,0,0,0,0,0,0,.250,.400,.500,.900,.250,2,0,1,0,0,0,0
656,Erasmo Ramirez,25,TBR,163.1,,34,666,614,73,145,28,1,16,3,2,40,126,.236,.292,.363,.655,.273,223,13,9,1,1,0,8
657,J.C. Ramirez,26,TOT,23.2,,20,106,94,14,25,5,0,3,7,1,11,16,.266,.349,.415,.764,.293,39,1,1,0,0,3,0
658,J.C. Ramirez,26,ARI,15.1,,12,63,59,7,15,2,0,1,5,1,4,11,.254,.302,.339,.641,.298,20,1,0,0,0,2,0
659,J.C. Ramirez,26,SEA,8.1,,8,43,35,7,10,3,0,2,2,0,7,5,.286,.419,.543,.961,.286,19,0,1,0,0,1,0
660,Jose Ramirez,25,TOT,7.2,,8,52,39,14,15,5,2,0,0,0,10,5,.385,.538,.615,1.154,.441,24,0,3,0,0,1,1
661,Jose Ramirez,25,NYY,3.0,,3,20,15,5,6,2,0,0,0,0,4,2,.400,.550,.533,1.083,.462,8,0,1,0,0,0,0
662,Jose Ramirez,25,SEA,4.2,,5,32,24,9,9,3,2,0,0,0,6,3,.375,.531,.667,1.198,.429,16,0,2,0,0,1,1
663,Neil Ramirez,26,CHC,14.0,,19,60,52,5,12,3,1,1,1,0,6,15,.231,.300,.385,.685,.289,20,0,0,0,2,0,1
664,Noe Ramirez,25,BOS,13.0,,17,61,52,12,13,1,0,3,2,1,7,13,.250,.361,.442,.803,.278,23,2,2,0,0,0,3
665,A.J. Ramos,28,MIA,70.1,,71,277,245,18,45,9,0,6,2,0,26,87,.184,.268,.294,.562,.253,72,7,3,1,2,0,0
666,Cesar Ramos*,31,LAA,52.1,,65,221,197,17,55,8,0,2,4,0,15,43,.279,.335,.350,.685,.342,69,8,3,3,3,0,2
667,Anthony Ranaudo,25,TEX,15.1,,4,73,61,13,18,3,1,2,2,0,8,11,.295,.380,.475,.856,.327,29,0,1,2,1,0,0
668,Cory Rasmus,27,LAA,20.2,,16,88,75,12,15,5,0,3,2,1,11,27,.200,.310,.387,.697,.267,29,0,1,1,0,2,0
669,Rob Rasmussen*,26,TOT,15.1,,20,79,71,18,26,5,0,2,1,1,8,17,.366,.430,.521,.952,.462,37,0,0,0,0,0,0
670,Rob Rasmussen*,26,TOR,1.0,,1,4,4,0,1,0,0,0,0,0,0,1,.250,.250,.250,.500,.333,1,0,0,0,0,0,0
671,Rob Rasmussen*,26,SEA,14.1,,19,75,67,18,25,5,0,2,1,1,8,16,.373,.440,.537,.977,.469,36,0,0,0,0,0,0
672,Josh Ravin,27,LAD,9.1,,9,47,42,7,13,0,0,3,2,0,4,12,.310,.383,.524,.907,.370,22,0,1,0,0,0,0
673,Robbie Ray*,23,ARI,127.2,,23,545,475,56,121,30,6,9,11,1,49,119,.255,.331,.400,.731,.317,190,13,8,7,6,3,5
674,Colin Rea,24,SDP,31.2,,6,133,118,16,29,9,1,2,3,1,11,26,.246,.311,.390,.700,.293,46,2,1,1,2,0,1
675,Chris Rearick*,27,SDP,3.0,,5,16,13,4,6,1,1,2,0,0,2,4,.462,.533,1.154,1.687,.571,15,1,0,1,0,0,0
Rk,Name,Age,Tm,IP,PAu,G,PA,AB,R,H,2B,3B,HR,SB,CS,BB,SO,BA,OBP,SLG,OPS,BAbip,TB,GDP,HBP,SH,SF,IBB,ROE
676,Todd Redmond,30,TOR,16.0,,7,72,64,13,17,4,1,3,0,1,7,13,.266,.347,.500,.847,.292,32,0,1,0,0,0,0
677,Addison Reed,26,TOT,56.0,,55,241,221,21,58,12,4,3,2,1,19,51,.262,.321,.394,.714,.329,87,4,0,1,0,6,1
678,Addison Reed,26,ARI,40.2,,38,181,166,19,47,11,4,2,2,1,14,34,.283,.339,.434,.773,.346,72,1,0,1,0,5,0
679,Addison Reed,26,NYM,15.1,,17,60,55,2,11,1,0,1,0,0,5,17,.200,.267,.273,.539,.270,15,3,0,0,0,1,1
680,Chris Reed*,25,MIA,4.0,,2,18,16,2,6,0,0,0,0,0,1,1,.375,.412,.375,.787,.400,6,1,0,1,0,0,0
681,Jo-Jo Reyes*,30,LAA,0.1,,1,1,1,0,0,0,0,0,0,0,0,0,.000,.000,.000,.000,.000,0,0,0,0,0,0,0
682,Matt Reynolds*,30,ARI,13.2,,18,62,54,7,14,0,0,6,1,0,7,18,.259,.355,.593,.947,.267,32,1,1,0,0,2,0
683,Clayton Richard*,31,CHC,42.1,,23,181,173,18,47,9,3,3,1,0,7,22,.272,.304,.410,.714,.297,71,3,1,0,0,1,4
684,Garrett Richards,27,LAA,207.1,,32,865,768,94,181,35,0,20,6,5,76,176,.236,.305,.359,.664,.277,276,19,5,6,10,2,11
685,C.J. Riefenhauser*,25,TBR,14.2,,17,62,53,10,15,3,0,3,1,1,7,7,.283,.361,.509,.870,.273,27,3,0,1,1,0,0
686,Andre Rienzo,26,MIA,19.2,,14,89,74,14,17,4,1,2,1,0,13,15,.230,.352,.392,.744,.263,29,2,1,1,0,1,1
687,Felipe Rivero*,23,WSN,48.1,,49,189,176,15,35,11,0,2,4,1,11,43,.199,.249,.295,.544,.250,52,2,1,0,1,2,0
688,Donn Roach,25,CHC,3.1,,1,18,17,4,8,1,0,0,0,0,1,1,.471,.500,.529,1.029,.500,9,1,0,0,0,0,0
689,Tanner Roark,28,WSN,111.0,,40,467,427,55,119,24,1,17,2,4,26,70,.279,.325,.459,.784,.297,196,10,5,4,4,3,2
690,Kenny Roberts*,27,TOT,13.2,,15,65,58,11,22,6,0,0,3,1,3,6,.379,.406,.483,.889,.407,28,1,1,1,2,0,0
691,Kenny Roberts*,27,COL,9.1,,9,43,39,6,13,4,0,0,1,1,2,5,.333,.372,.436,.808,.371,17,0,1,0,1,0,0
692,Kenny Roberts*,27,PHI,4.1,,6,22,19,5,9,2,0,0,2,0,1,1,.474,.476,.579,1.055,.474,11,1,0,1,1,0,0
693,David Robertson,30,CHW,63.1,,60,250,235,27,46,5,3,7,3,1,13,86,.196,.241,.332,.573,.275,78,1,1,0,0,2,2
694,Clint Robinson*,30,WSN,1.0,,1,4,4,0,1,0,0,0,0,0,0,1,.250,.250,.250,.500,.333,1,0,0,0,0,0,0
695,Shane Robinson,30,MIN,1.0,,1,4,3,0,0,0,0,0,0,0,1,1,.000,.250,.000,.250,.000,0,0,0,0,0,0,0
696,Hansel Robles,24,NYM,54.0,,57,217,195,27,37,12,2,8,2,1,18,61,.190,.264,.395,.659,.228,77,3,2,1,1,1,1
697,Fernando Rodney,38,TOT,62.2,,68,277,238,36,59,14,1,9,3,2,29,58,.248,.348,.429,.776,.291,102,7,8,1,1,3,2
698,Fernando Rodney,38,SEA,50.2,,54,227,195,32,51,13,1,8,3,2,25,43,.262,.358,.462,.820,.297,90,5,5,1,1,3,1
699,Fernando Rodney,38,CHC,12.0,,14,50,43,4,8,1,0,1,0,0,4,15,.186,.300,.279,.579,.259,12,2,3,0,0,0,1
700,Carlos Rodon*,22,CHW,139.1,,26,607,517,63,130,24,4,11,10,3,71,139,.251,.348,.377,.725,.320,195,18,8,6,5,0,6
Rk,Name,Age,Tm,IP,PAu,G,PA,AB,R,H,2B,3B,HR,SB,CS,BB,SO,BA,OBP,SLG,OPS,BAbip,TB,GDP,HBP,SH,SF,IBB,ROE
701,Eduardo Rodriguez*,22,BOS,121.2,,21,522,471,55,120,20,2,13,2,2,37,98,.255,.312,.389,.701,.294,183,8,4,5,4,1,6
702,Fernando Rodriguez,31,OAK,58.2,,56,242,215,27,43,9,1,4,2,3,24,65,.200,.282,.307,.589,.265,66,3,1,1,1,1,3
703,Francisco Rodriguez,33,MIL,57.0,,60,216,201,15,38,6,1,6,2,2,11,62,.189,.229,.318,.547,.237,64,5,0,1,2,1,2
704,Paco Rodriguez*,24,LAD,10.1,,18,42,38,3,10,2,0,0,0,1,3,8,.263,.310,.316,.625,.323,12,0,0,0,1,0,0
705,Wandy Rodriguez*,36,TEX,86.1,,17,392,347,48,99,22,1,10,4,0,36,72,.285,.353,.441,.794,.330,153,7,3,1,5,2,5
706,Chaz Roe,28,BAL,41.1,,36,177,157,19,44,12,1,4,1,3,17,38,.280,.352,.446,.798,.345,70,3,1,1,1,2,1
707,Esmil Rogers,29,NYY,33.0,,18,153,134,29,41,6,0,5,2,0,14,31,.306,.373,.463,.835,.356,62,4,2,0,3,0,2
708,David Rollins*,25,SEA,25.0,,20,118,107,21,37,6,2,3,2,0,8,21,.346,.402,.523,.925,.410,56,3,2,1,0,1,0
709,Enny Romero*,24,TBR,30.0,,23,140,125,18,39,7,2,1,2,0,13,31,.312,.374,.424,.798,.404,53,3,0,1,1,0,2
710,Sergio Romo,32,SFG,57.1,,70,230,217,20,51,14,1,3,5,3,10,71,.235,.272,.350,.622,.336,76,2,1,2,0,2,1
711,Bruce Rondon,24,DET,31.0,,35,145,119,22,31,8,0,3,4,1,19,36,.261,.366,.403,.770,.341,48,1,2,3,2,1,2
712,Hector Rondon,27,CHC,70.0,,72,281,259,19,55,12,0,4,8,1,15,69,.212,.263,.305,.568,.273,79,2,3,3,1,2,6
713,Jorge Rondon,27,TOT,14.1,,10,81,72,26,28,5,2,3,0,0,9,9,.389,.457,.639,1.096,.417,46,0,0,0,0,0,2
714,Jorge Rondon,27,COL,1.0,,2,15,12,11,8,3,0,0,0,0,3,1,.667,.733,.917,1.650,.727,11,0,0,0,0,0,1
715,Jorge Rondon,27,BAL,13.1,,8,66,60,15,20,2,2,3,0,0,6,8,.333,.394,.583,.977,.347,35,0,0,0,0,0,1
716,Adam Rosales,32,TEX,2.0,,2,10,8,3,2,0,0,2,0,0,1,1,.250,.333,1.000,1.333,.000,8,0,0,0,0,0,0
717,Trevor Rosenthal,25,STL,68.2,,68,287,260,16,62,4,3,3,2,1,25,83,.238,.308,.312,.619,.339,81,4,1,1,0,3,0
718,Seth Rosin,26,PHI,2.0,,1,14,11,5,7,2,0,1,0,0,1,0,.636,.643,1.091,1.734,.545,12,0,1,0,1,0,0
719,David Ross,38,CHC,2.0,,2,6,6,0,0,0,0,0,0,0,0,0,.000,.000,.000,.000,.000,0,0,0,0,0,0,0
720,Joe Ross,22,WSN,76.2,,16,314,287,33,64,11,2,7,1,1,21,69,.223,.280,.348,.628,.269,100,2,2,3,1,0,1
721,Robbie Ross*,26,BOS,60.2,,54,259,232,28,59,13,1,7,0,0,20,53,.254,.319,.409,.729,.299,95,8,3,2,2,2,5
722,Tyson Ross,28,SDP,196.0,,33,823,725,78,172,28,6,9,37,13,84,212,.237,.322,.330,.652,.321,239,17,8,3,3,3,6
723,Zac Rosscup*,27,CHC,26.2,,33,118,103,13,26,9,2,5,1,0,13,29,.252,.336,.524,.860,.304,54,1,0,2,0,0,1
724,Drew Rucinski,26,LAA,7.0,,4,35,28,6,10,2,0,1,3,1,6,4,.357,.486,.536,1.021,.391,15,1,1,0,0,0,0
725,Nick Rumbelow,23,NYY,15.2,,17,68,63,8,16,2,1,2,1,0,5,15,.254,.309,.413,.722,.304,26,1,0,0,0,1,2
Rk,Name,Age,Tm,IP,PAu,G,PA,AB,R,H,2B,3B,HR,SB,CS,BB,SO,BA,OBP,SLG,OPS,BAbip,TB,GDP,HBP,SH,SF,IBB,ROE
726,Chris Rusin*,28,COL,131.2,,24,594,548,88,170,38,6,19,5,4,41,86,.310,.361,.505,.867,.341,277,14,3,2,0,5,8
727,James Russell*,29,CHC,34.0,,49,148,137,24,42,14,1,3,5,3,9,20,.307,.347,.489,.836,.339,67,4,0,1,1,2,2
728,Brendan Ryan,33,NYY,2.0,,1,8,8,0,2,0,0,0,0,0,0,0,.250,.250,.250,.500,.250,2,0,0,0,0,0,0
729,Kyle Ryan*,23,DET,56.1,,16,237,213,29,60,7,1,9,2,2,20,30,.282,.345,.451,.795,.291,96,9,1,2,1,0,0
730,Marc Rzepczynski*,29,TOT,35.0,,72,158,137,29,40,3,1,3,5,1,14,41,.292,.365,.394,.760,.389,54,6,3,2,2,4,2
731,Marc Rzepczynski*,29,CLE,20.1,,45,94,82,15,23,3,0,1,3,0,10,24,.280,.366,.354,.719,.386,29,3,1,1,0,3,2
732,Marc Rzepczynski*,29,SDP,14.2,,27,64,55,14,17,0,1,2,2,1,4,17,.309,.365,.455,.820,.395,25,3,2,1,2,1,0
733,CC Sabathia*,34,NYY,167.1,,29,726,659,92,188,22,4,28,3,2,50,137,.285,.338,.458,.797,.320,302,20,6,5,6,3,9
734,Casey Sadler,24,PIT,5.0,,1,19,18,2,4,2,0,1,0,1,1,5,.222,.263,.500,.763,.250,9,0,0,0,0,0,0
735,Fernando Salas,30,LAA,63.2,,72,269,245,34,61,16,2,8,3,0,12,74,.249,.288,.429,.716,.317,105,2,3,5,4,5,4
736,Danny Salazar,25,CLE,185.0,,30,757,690,79,156,28,7,23,3,6,53,195,.226,.286,.387,.673,.279,267,11,7,3,4,1,7
737,Chris Sale*,26,CHW,208.2,,31,854,794,88,185,32,3,23,5,4,42,274,.233,.282,.368,.649,.324,292,13,13,2,3,0,8
738,Jeff Samardzija,30,CHW,214.0,,32,910,836,122,228,40,9,29,12,4,49,163,.273,.319,.446,.765,.305,373,17,12,4,9,0,6
739,Keyvius Sampson,24,CIN,52.1,,13,251,221,43,67,16,1,7,3,2,26,42,.303,.373,.480,.853,.345,106,3,0,2,2,0,5
740,Aaron Sanchez,22,TOR,92.1,,41,380,330,35,74,13,0,9,4,7,44,61,.224,.320,.345,.666,.249,114,15,3,2,1,2,5
741,Anibal Sanchez,31,DET,157.0,,25,660,603,89,152,32,3,29,15,4,49,138,.252,.308,.459,.768,.281,277,9,1,5,2,1,5
742,Ervin Santana,32,MIN,108.0,,17,457,411,50,104,25,2,12,7,1,36,82,.253,.318,.411,.729,.288,169,9,4,4,2,2,2
743,Hector Santiago*,27,LAA,180.2,,33,776,687,80,156,37,3,29,17,8,71,162,.227,.307,.416,.723,.254,286,3,10,4,4,5,11
744,Sergio Santos,31,TOT,16.1,,14,73,65,9,16,4,1,3,0,0,7,18,.246,.315,.477,.792,.289,31,1,0,0,1,1,0
745,Sergio Santos,31,LAD,13.1,,12,61,53,7,13,2,1,2,0,0,7,15,.245,.328,.434,.762,.297,23,1,0,0,1,1,0
746,Sergio Santos,31,NYY,3.0,,2,12,12,2,3,2,0,1,0,0,0,3,.250,.250,.667,.917,.250,8,0,0,0,0,0,0
747,Rob Scahill,28,PIT,30.2,,28,142,123,15,33,8,0,3,3,1,16,24,.268,.355,.407,.761,.309,50,1,1,1,1,5,4
748,Tanner Scheppers,28,TEX,38.1,,42,176,148,25,37,8,0,6,2,0,23,32,.250,.352,.426,.778,.274,63,5,2,0,3,3,4
749,Max Scherzer,30,WSN,228.2,,33,899,847,74,176,40,3,27,6,2,34,276,.208,.242,.358,.600,.273,303,5,5,11,2,2,5
750,Brian Schlitter,29,CHC,7.1,,10,35,33,6,12,2,0,2,0,0,2,4,.364,.400,.606,1.006,.370,20,0,0,0,0,0,0
Rk,Name,Age,Tm,IP,PAu,G,PA,AB,R,H,2B,3B,HR,SB,CS,BB,SO,BA,OBP,SLG,OPS,BAbip,TB,GDP,HBP,SH,SF,IBB,ROE
751,A.J. Schugel,26,ARI,9.0,,5,51,46,13,17,4,0,2,1,1,5,5,.370,.431,.587,1.018,.385,27,1,0,0,0,2,4
752,Bo Schultz,29,TOR,43.0,,31,173,156,19,32,4,0,7,6,0,14,31,.205,.272,.365,.637,.208,57,5,1,0,2,0,2
753,Evan Scribner,29,OAK,60.0,,54,238,231,31,58,11,1,14,6,3,4,64,.251,.269,.489,.758,.286,113,3,2,0,1,0,2
754,Luis Severino,21,NYY,62.1,,11,255,231,21,53,13,0,9,3,3,22,56,.229,.302,.403,.705,.265,93,6,2,0,0,0,4
755,Bryan Shaw,27,CLE,64.0,,74,265,244,24,59,9,2,8,5,1,19,54,.242,.299,.393,.693,.280,96,6,1,1,0,1,2
756,James Shields,33,SDP,202.1,,33,860,763,93,189,43,6,33,15,8,81,216,.248,.327,.450,.776,.303,343,21,9,6,1,5,9
757,Matt Shoemaker,28,LAA,135.1,,25,569,522,70,135,28,0,24,10,5,35,116,.259,.308,.450,.758,.288,235,4,4,4,4,2,3
758,Chasen Shreve*,24,NYY,58.1,,59,251,215,21,49,4,2,10,1,2,33,64,.228,.333,.405,.738,.277,87,5,1,2,0,2,1
759,Kevin Siegrist*,25,STL,74.2,,81,312,268,20,53,15,2,4,5,4,34,90,.198,.291,.313,.605,.275,84,2,3,3,4,2,4
760,Alfredo Simon,34,DET,187.0,,31,820,729,112,201,47,10,24,17,7,68,117,.276,.342,.466,.808,.298,340,13,8,9,6,1,6
761,Tony Sipp*,31,HOU,54.1,,60,216,197,13,41,11,0,5,2,3,15,62,.208,.266,.340,.606,.275,67,2,1,2,1,1,2
762,Carson Smith,25,SEA,70.0,,70,284,252,19,49,11,0,2,7,2,22,92,.194,.278,.262,.539,.297,66,4,7,3,0,4,5
763,Chad Smith,25,OAK,1.1,,2,13,9,5,5,1,0,0,0,0,3,2,.556,.692,.667,1.359,.714,6,0,1,0,0,0,0
764,Joe Smith,31,LAA,65.1,,70,271,247,26,64,11,2,4,2,2,19,57,.259,.316,.368,.684,.321,91,8,2,2,1,4,2
765,Josh Smith,27,CIN,32.2,,9,161,133,27,42,10,0,5,6,2,21,30,.316,.422,.504,.926,.370,67,3,5,0,2,3,1
766,Will Smith*,25,MIL,63.1,,76,264,236,23,52,15,1,5,5,2,24,91,.220,.293,.356,.649,.331,84,5,1,1,2,1,3
767,Drew Smyly*,26,TBR,66.2,,12,275,252,24,58,13,0,11,9,4,20,77,.230,.288,.413,.701,.285,104,2,1,1,1,0,2
768,Miguel Socolovich,28,STL,29.2,,28,125,113,7,25,4,0,1,5,0,10,27,.221,.285,.283,.568,.282,32,0,0,2,0,1,1
769,Sammy Solis*,26,WSN,21.1,,18,94,86,11,25,3,0,2,0,0,4,17,.291,.323,.395,.718,.333,34,0,1,1,2,2,1
770,Joakim Soria,31,TOT,67.2,,72,272,248,20,55,7,0,8,3,0,19,64,.222,.281,.347,.628,.266,86,5,2,1,1,1,1
771,Joakim Soria,31,DET,41.0,,43,165,151,13,32,3,0,8,1,0,11,36,.212,.274,.391,.665,.224,59,3,2,1,0,1,1
772,Joakim Soria,31,PIT,26.2,,29,107,97,7,23,4,0,0,2,0,8,28,.237,.292,.278,.571,.329,27,2,0,0,1,0,0
773,Rafael Soriano,35,CHC,5.2,,6,25,24,4,8,3,0,2,1,1,1,4,.333,.360,.708,1.068,.333,17,0,0,0,0,0,0
774,Giovanni Soto*,24,CLE,3.1,,6,13,13,0,3,0,0,0,0,0,0,0,.231,.231,.231,.462,.231,3,0,0,0,0,0,0
775,Craig Stammen,31,WSN,4.0,,5,17,13,0,2,1,0,0,2,0,3,3,.154,.294,.231,.525,.182,3,0,0,0,1,1,0
Rk,Name,Age,Tm,IP,PAu,G,PA,AB,R,H,2B,3B,HR,SB,CS,BB,SO,BA,OBP,SLG,OPS,BAbip,TB,GDP,HBP,SH,SF,IBB,ROE
776,Tim Stauffer,33,TOT,20.2,,18,100,89,18,32,7,2,6,0,0,9,14,.360,.420,.685,1.105,.371,61,3,1,0,1,2,1
777,Tim Stauffer,33,MIN,15.0,,13,73,65,13,24,6,2,4,0,0,7,6,.369,.425,.708,1.132,.357,46,2,0,0,1,2,1
778,Tim Stauffer,33,NYM,5.2,,5,27,24,5,8,1,0,2,0,0,2,8,.333,.407,.625,1.032,.429,15,1,1,0,0,0,0
779,Matt Stites,25,ARI,8.2,,11,44,38,14,14,1,1,1,2,0,5,6,.368,.432,.526,.958,.406,20,1,0,0,1,0,1
780,Drew Storen,27,WSN,55.0,,58,228,205,23,45,7,0,4,0,1,16,67,.220,.291,.312,.603,.304,64,2,5,1,1,2,1
781,Dan Straily,26,HOU,16.2,,4,76,67,11,16,2,2,2,2,0,8,14,.239,.329,.418,.747,.275,28,0,1,0,0,0,1
782,Stephen Strasburg,26,WSN,127.1,,23,523,488,56,115,18,4,14,4,2,26,155,.236,.278,.375,.653,.316,183,8,3,5,1,0,9
783,Huston Street,31,LAA,62.1,,62,255,230,22,52,5,2,7,4,1,20,57,.226,.285,.357,.641,.266,82,2,0,2,3,5,0
784,Hunter Strickland,26,SFG,51.1,,55,191,179,14,34,6,1,4,2,3,10,50,.190,.241,.302,.543,.240,54,2,2,0,0,1,0
785,Marcus Stroman,24,TOR,27.0,,4,103,96,5,20,2,0,2,1,1,6,18,.208,.262,.292,.554,.237,28,4,1,0,0,0,0
786,Pedro Strop,30,CHC,68.0,,76,270,233,24,39,9,0,5,3,1,29,81,.167,.268,.270,.538,.227,63,4,4,1,3,6,1
787,Eric Stults*,35,ATL,47.2,,9,196,179,31,48,7,4,10,1,2,13,31,.268,.316,.520,.836,.273,93,6,0,3,1,1,1
788,Jesus Sucre,27,SEA,2.0,,2,11,11,3,6,1,0,1,0,0,0,0,.545,.545,.909,1.455,.500,10,1,0,0,0,0,0
789,Eric Surkamp*,27,LAD,3.1,,1,16,13,4,4,0,0,2,0,0,1,4,.308,.438,.769,1.207,.286,10,0,2,0,0,0,0
790,Ichiro Suzuki,41,MIA,1.0,,1,5,5,1,2,2,0,0,0,0,0,0,.400,.400,.800,1.200,.400,4,0,0,0,0,0,0
791,Anthony Swarzak,29,CLE,13.1,,10,61,57,9,18,4,0,1,1,0,4,13,.316,.361,.439,.799,.395,25,1,0,0,0,1,0
792,Noah Syndergaard,22,NYM,150.0,,24,603,561,60,126,17,6,19,15,1,31,166,.225,.268,.378,.645,.282,212,9,3,5,3,2,3
793,Masahiro Tanaka,26,NYY,154.0,,24,609,571,66,126,33,3,25,1,2,27,139,.221,.254,.420,.674,.243,240,7,1,1,8,0,6
794,Junichi Tazawa,29,BOS,58.2,,61,247,232,28,65,10,5,5,7,1,13,56,.280,.320,.431,.751,.349,100,5,1,0,1,1,1
795,Everett Teaford*,31,TBR,5.2,,4,24,20,1,5,3,0,0,0,0,3,4,.250,.375,.400,.775,.313,8,2,1,0,0,1,0
796,Julio Teheran,24,ATL,200.2,,33,843,748,99,189,32,3,27,6,6,73,171,.253,.325,.412,.737,.293,308,15,9,10,3,3,8
797,Ryan Tepera,27,TOR,33.0,,32,128,119,14,23,3,0,8,0,0,6,22,.193,.250,.420,.670,.169,50,4,3,0,0,0,2
798,Joe Thatcher*,33,HOU,22.2,,43,100,84,8,23,3,1,1,2,0,12,26,.274,.357,.369,.726,.373,31,3,0,2,2,0,1
799,Dale Thayer,34,SDP,37.2,,38,158,141,17,37,9,0,5,2,0,15,25,.262,.331,.433,.764,.286,61,5,0,1,1,4,0
800,Caleb Thielbar*,28,MIN,5.0,,6,20,19,3,5,1,0,0,0,0,0,5,.263,.263,.316,.579,.357,6,0,0,1,0,0,0
Rk,Name,Age,Tm,IP,PAu,G,PA,AB,R,H,2B,3B,HR,SB,CS,BB,SO,BA,OBP,SLG,OPS,BAbip,TB,GDP,HBP,SH,SF,IBB,ROE
801,Ian Thomas*,28,TOT,23.1,,14,98,85,11,20,5,0,2,2,0,11,23,.235,.323,.365,.688,.300,31,4,0,1,0,0,2
802,Ian Thomas*,28,ATL,5.1,,5,25,18,3,4,1,0,1,0,0,5,5,.222,.391,.444,.836,.250,8,1,0,1,0,0,1
803,Ian Thomas*,28,LAD,18.0,,9,73,67,8,16,4,0,1,2,0,6,18,.239,.301,.343,.645,.313,23,3,0,0,0,0,1
804,Aaron Thompson*,28,MIN,32.1,,41,137,121,19,32,6,0,2,2,0,11,17,.264,.319,.364,.682,.286,44,3,0,2,3,2,0
805,Tyler Thornburg,26,MIL,34.1,,24,151,134,22,31,4,0,7,3,0,12,34,.231,.305,.418,.723,.253,56,1,3,0,2,1,3
806,Matt Thornton*,38,WSN,41.1,,60,171,156,12,33,8,1,2,2,0,11,23,.212,.266,.314,.580,.235,49,3,1,2,1,3,3
807,Chris Tillman,27,BAL,173.0,,31,741,660,97,176,42,3,20,4,1,64,120,.267,.332,.430,.763,.295,284,16,5,3,8,1,2
808,Shawn Tolleson,27,TEX,72.1,,73,298,276,25,66,12,1,9,1,0,17,76,.239,.287,.388,.675,.297,107,6,2,2,1,5,5
809,Josh Tomlin,30,CLE,65.2,,10,251,241,22,47,10,2,13,0,1,8,57,.195,.227,.415,.642,.199,100,3,2,0,0,0,2
810,Michael Tonkin,25,MIN,23.1,,26,99,88,9,21,1,0,4,4,1,9,19,.239,.313,.386,.699,.258,34,0,1,0,1,2,0
811,Alex Torres*,27,NYM,34.1,,39,154,126,16,26,3,0,6,3,0,26,35,.206,.346,.373,.719,.235,47,2,1,1,0,1,1
812,Carlos Torres,32,NYM,57.2,,59,243,221,32,61,12,2,5,2,1,18,48,.276,.326,.416,.743,.327,92,5,0,1,3,6,2
813,Matt Tracy*,26,NYY,2.0,,1,11,9,3,2,1,0,0,1,0,2,1,.222,.364,.333,.697,.250,3,0,0,0,0,0,1
814,Blake Treinen,27,WSN,67.2,,60,280,244,32,62,9,1,4,4,2,32,65,.254,.344,.348,.692,.330,85,14,2,1,1,6,1
815,Nick Tropeano,24,LAA,37.2,,8,161,148,18,40,11,0,2,2,1,10,38,.270,.314,.385,.700,.349,57,1,0,2,1,0,1
816,Chin-hui Tsao,34,LAD,7.0,,5,37,34,9,15,4,0,3,0,1,3,7,.441,.486,.824,1.310,.500,28,0,0,0,0,1,0
817,Sam Tuivailala,22,STL,14.2,,14,65,57,5,13,3,1,2,2,0,8,20,.228,.323,.421,.744,.314,24,1,0,0,0,1,1
818,Koji Uehara,40,BOS,40.1,,43,160,149,14,28,8,2,3,0,0,9,47,.188,.233,.329,.562,.250,49,1,0,1,1,1,2
819,Jose Urena,23,MIA,61.2,,20,274,238,37,73,16,1,5,0,0,25,28,.307,.373,.445,.818,.324,106,10,3,3,5,2,0
820,Jose Valdez,25,DET,9.0,,7,39,35,4,10,1,1,2,0,0,4,4,.286,.359,.543,.902,.276,19,1,0,0,0,0,0
821,Jason Vargas*,32,KCR,43.0,,9,183,170,20,46,10,0,5,1,1,12,27,.271,.322,.418,.740,.297,71,6,1,0,0,0,2
822,Anthony Varvaro,30,BOS,11.0,,9,51,45,5,14,3,1,0,1,1,6,8,.311,.392,.422,.814,.378,19,0,0,0,0,1,0
823,Donnie Veal*,30,ATL,4.1,,5,24,20,7,8,2,0,3,0,0,2,3,.400,.478,.950,1.428,.357,19,0,1,1,0,0,0
824,Vincent Velasquez,23,HOU,55.2,,19,231,208,28,50,13,3,5,6,3,21,58,.240,.316,.404,.720,.310,84,6,2,0,0,0,2
825,Pat Venditte#,30,OAK,28.2,,26,119,105,14,22,10,0,3,0,0,12,23,.210,.288,.390,.679,.238,41,1,0,1,1,0,1
Rk,Name,Age,Tm,IP,PAu,G,PA,AB,R,H,2B,3B,HR,SB,CS,BB,SO,BA,OBP,SLG,OPS,BAbip,TB,GDP,HBP,SH,SF,IBB,ROE
826,Yordano Ventura,24,KCR,163.1,,28,693,621,75,154,27,6,14,2,4,58,156,.248,.319,.378,.698,.308,235,11,9,1,4,1,5
827,Drew VerHagen,24,DET,26.1,,20,106,90,6,18,1,0,1,2,0,14,13,.200,.314,.244,.559,.224,22,8,1,1,0,2,3
828,Justin Verlander,32,DET,133.1,,20,535,493,56,113,20,2,13,3,4,32,113,.229,.277,.357,.634,.268,176,7,3,1,6,1,5
829,Logan Verrett,25,TOT,47.2,,18,190,168,20,34,4,1,6,2,0,15,39,.202,.271,.345,.617,.222,58,3,2,2,3,4,1
830,Logan Verrett,25,TEX,9.0,,4,42,36,7,11,3,1,1,0,0,4,3,.306,.357,.528,.885,.294,19,1,0,0,2,1,1
831,Logan Verrett,25,NYM,38.2,,14,148,132,13,23,1,0,5,2,0,11,36,.174,.247,.295,.542,.196,39,2,2,2,1,3,0
832,Carlos Villanueva,31,STL,61.0,,35,250,224,21,50,14,2,6,4,3,21,55,.223,.293,.384,.677,.267,86,3,2,1,2,2,2
833,Pedro Villarreal,27,CIN,50.0,,29,214,194,24,57,8,1,6,2,2,12,29,.294,.340,.438,.778,.315,85,4,3,2,3,2,1
834,Nick Vincent,28,SDP,23.0,,26,100,89,8,25,6,0,0,2,1,10,22,.281,.350,.348,.698,.368,31,4,0,0,1,1,2
835,Arodys Vizcaino,24,ATL,33.2,,36,139,124,7,27,8,1,1,0,0,13,37,.218,.292,.323,.615,.302,40,4,0,2,0,2,3
836,Ryan Vogelsong,37,SFG,135.0,,33,598,528,76,140,29,7,17,10,0,58,108,.265,.338,.443,.781,.301,234,14,3,3,6,2,6
837,Edinson Volquez,31,KCR,200.1,,34,850,758,89,190,36,4,16,18,4,72,155,.251,.320,.372,.692,.293,282,20,8,5,7,1,10
838,Chris Volstad,28,PIT,2.0,,1,7,7,0,2,0,0,0,0,0,0,0,.286,.286,.286,.571,.286,2,1,0,0,0,0,0
839,Michael Wacha,23,STL,181.1,,30,762,687,74,162,31,3,19,5,3,58,153,.236,.300,.373,.672,.276,256,9,6,8,3,4,6
840,Tsuyoshi Wada*,34,CHC,32.1,,8,136,122,14,30,7,2,5,0,0,11,31,.246,.311,.459,.770,.287,56,2,1,1,1,1,1
841,Tyler Wagner,24,MIL,13.2,,3,67,57,11,22,5,2,1,1,0,7,5,.386,.446,.596,1.043,.404,34,4,0,2,1,0,1
842,Adam Wainwright,33,STL,28.0,,7,111,105,7,25,9,0,0,1,0,4,20,.238,.266,.324,.590,.294,34,2,0,2,0,0,2
843,Jordan Walden,27,STL,10.1,,12,42,37,1,7,2,0,0,3,0,4,12,.189,.262,.243,.505,.269,9,1,0,0,1,1,1
844,Taijuan Walker,22,SEA,169.2,,29,706,648,92,163,31,0,25,4,4,40,157,.252,.302,.415,.717,.293,269,8,9,4,5,1,8
845,Adam Warren,27,NYY,131.1,,43,534,484,51,114,20,2,10,6,4,39,104,.236,.301,.347,.648,.280,168,14,7,2,2,1,4
846,Tony Watson*,30,PIT,75.1,,77,293,268,17,55,7,0,3,3,0,17,62,.205,.260,.265,.525,.252,71,8,4,1,3,1,1
847,Jered Weaver,32,LAA,159.0,,26,669,617,84,163,39,3,24,22,10,33,90,.264,.313,.454,.767,.275,280,8,12,5,2,3,9
848,Daniel Webb,25,CHW,30.0,,27,150,126,26,41,6,1,3,3,1,22,22,.325,.427,.460,.887,.373,58,3,1,0,1,1,1
849,Ryan Webb,29,CLE,50.2,,40,204,188,21,46,12,1,4,4,0,12,31,.245,.296,.383,.679,.273,72,10,2,1,1,2,4
850,Ryan Weber,24,ATL,28.1,,5,109,101,15,25,4,1,3,0,3,6,19,.248,.303,.396,.699,.278,40,5,2,0,0,0,0
Rk,Name,Age,Tm,IP,PAu,G,PA,AB,R,H,2B,3B,HR,SB,CS,BB,SO,BA,OBP,SLG,OPS,BAbip,TB,GDP,HBP,SH,SF,IBB,ROE
851,Allen Webster,25,ARI,31.0,,9,142,118,28,32,3,2,10,4,1,20,17,.271,.383,.585,.968,.239,69,4,2,1,1,1,3
852,Matt West,26,LAD,3.0,,2,11,10,0,2,1,0,0,0,0,1,2,.200,.273,.300,.573,.250,3,1,0,0,0,0,0
853,Chase Whitley,26,NYY,19.1,,4,84,77,9,20,5,0,3,2,1,5,16,.260,.321,.442,.763,.293,34,0,2,0,0,0,0
854,Joe Wieland,25,LAD,8.2,,2,40,34,8,10,3,1,2,1,0,5,4,.294,.375,.618,.993,.276,21,0,0,0,1,1,0
855,Tom Wilhelmsen,31,SEA,62.0,,53,267,228,24,56,12,3,3,2,1,29,60,.246,.332,.364,.696,.315,83,9,2,4,3,3,2
856,Adam Wilk*,27,LAA,2.0,,1,10,8,1,2,0,0,1,0,0,1,2,.250,.400,.625,1.025,.200,5,0,1,0,0,0,0
857,Jerome Williams,33,PHI,121.0,,33,553,508,83,161,27,0,22,8,1,34,74,.317,.363,.500,.863,.334,254,13,5,2,4,3,6
858,Alex Wilson,28,DET,70.0,,59,273,256,19,61,6,2,5,3,4,11,38,.238,.273,.336,.609,.260,86,10,2,2,2,1,5
859,C.J. Wilson*,34,LAA,132.0,,21,553,491,59,118,21,1,13,5,4,46,110,.240,.316,.367,.682,.282,180,11,10,2,4,2,6
860,Josh Wilson,34,DET,1.0,,1,4,4,1,2,0,0,1,0,0,0,0,.500,.500,1.250,1.750,.333,5,1,0,0,0,0,0
861,Justin Wilson*,27,NYY,61.0,,74,244,220,21,49,8,1,3,6,1,20,66,.223,.293,.309,.602,.305,68,7,2,2,0,0,0
862,Tyler Wilson,25,BAL,36.0,,9,149,135,14,39,14,0,1,1,2,11,13,.289,.342,.415,.757,.309,56,6,1,0,2,1,0
863,Daniel Winkler,25,ATL,1.2,,2,8,7,2,2,0,0,2,0,0,1,2,.286,.375,1.143,1.518,.000,8,0,0,0,0,0,0
864,Matt Wisler,22,ATL,109.0,,20,478,425,59,119,33,1,16,2,1,40,72,.280,.344,.475,.819,.301,202,10,4,4,5,4,4
865,Asher Wojciechowski,26,HOU,16.1,,5,79,70,13,23,8,2,2,1,0,7,16,.329,.380,.586,.965,.389,41,0,0,0,2,0,0
866,Randy Wolf*,38,DET,34.2,,8,161,144,28,46,10,2,5,0,1,15,28,.319,.385,.521,.906,.366,75,4,1,0,1,1,2
867,Alex Wood*,24,TOT,189.2,,32,801,720,86,198,29,5,15,6,3,59,139,.275,.332,.392,.724,.322,282,25,4,15,3,4,6
868,Alex Wood*,24,ATL,119.1,,20,509,459,50,132,16,3,8,6,3,36,90,.288,.341,.388,.729,.343,178,16,2,11,1,2,4
869,Alex Wood*,24,LAD,70.1,,12,292,261,36,66,13,2,7,0,0,23,49,.253,.316,.398,.714,.285,104,9,2,4,2,2,2
870,Travis Wood*,28,CHC,100.2,,54,419,376,48,86,13,2,11,0,3,39,118,.229,.301,.362,.663,.301,136,5,1,1,2,5,3
871,Rob Wooten,29,MIL,6.0,,4,30,22,8,5,2,1,1,0,0,6,6,.227,.414,.545,.959,.267,12,0,1,1,0,0,0
872,Vance Worley,27,PIT,71.2,,23,310,282,36,81,20,0,6,4,2,21,49,.287,.339,.422,.761,.328,119,8,2,3,2,3,4
873,Mike Wright,25,BAL,44.2,,12,204,179,30,52,14,0,9,1,1,18,26,.291,.368,.520,.887,.295,93,2,5,0,2,3,0
874,Steven Wright,30,BOS,72.2,,16,310,280,38,67,13,0,12,3,2,27,52,.239,.307,.414,.722,.253,116,2,1,1,1,0,3
875,Wesley Wright*,30,TOT,7.1,,11,31,26,4,6,1,0,1,1,0,3,5,.231,.290,.385,.675,.227,10,1,0,0,2,1,0
Rk,Name,Age,Tm,IP,PAu,G,PA,AB,R,H,2B,3B,HR,SB,CS,BB,SO,BA,OBP,SLG,OPS,BAbip,TB,GDP,HBP,SH,SF,IBB,ROE
876,Wesley Wright*,30,BAL,1.2,,2,7,6,1,2,1,0,0,0,0,0,0,.333,.286,.500,.786,.286,3,0,0,0,1,0,0
877,Wesley Wright*,30,LAA,5.2,,9,24,20,3,4,0,0,1,1,0,3,5,.200,.292,.350,.642,.200,7,1,0,0,1,1,0
878,Kirby Yates,28,TBR,20.1,,20,92,84,18,23,3,0,10,3,1,7,21,.274,.337,.667,1.004,.245,56,0,1,0,0,0,0
879,Chris Young,36,KCR,123.1,,34,500,451,44,91,22,3,16,18,7,43,83,.202,.270,.370,.640,.212,167,1,0,4,2,0,4
880,Brad Ziegler,35,ARI,68.0,,66,263,243,17,48,9,0,3,0,1,17,36,.198,.253,.272,.524,.221,66,8,1,1,0,3,2
881,Jordan Zimmermann,29,WSN,201.2,,33,831,774,89,204,25,2,24,7,7,39,164,.264,.305,.394,.699,.306,305,15,8,8,2,3,6
882,Barry Zito*,37,OAK,7.0,,3,37,31,8,12,2,0,4,0,0,6,2,.387,.486,.839,1.325,.320,26,2,0,0,0,0,1
883,Tony Zych,24,SEA,18.1,,13,76,71,6,17,2,1,1,2,2,3,24,.239,.289,.338,.628,.348,24,0,2,0,0,0,1